/*
 Navicat Premium Data Transfer

 Source Server         : Project
 Source Server Type    : MySQL
 Source Server Version : 50727
 Source Host           : localhost:3306
 Source Schema         : pres_zfy_eaims

 Target Server Type    : MySQL
 Target Server Version : 50727
 File Encoding         : 65001

 Date: 09/01/2020 18:44:54
*/

SET NAMES utf8mb4;
SET FOREIGN_KEY_CHECKS = 0;

-- ----------------------------
-- Table structure for class
-- ----------------------------
DROP TABLE IF EXISTS `class`;
CREATE TABLE `class`  (
  `class_id` int(11) NOT NULL AUTO_INCREMENT COMMENT '班级ID',
  `class_code` varchar(30) CHARACTER SET utf8 COLLATE utf8_general_ci NOT NULL COMMENT '班级代码',
  `class_grade` varchar(4) CHARACTER SET utf8 COLLATE utf8_general_ci NOT NULL COMMENT '班级年级',
  `class_name` varchar(30) CHARACTER SET utf8 COLLATE utf8_general_ci NOT NULL COMMENT '班级名称',
  `class_create_time` timestamp(0) NOT NULL DEFAULT CURRENT_TIMESTAMP COMMENT '班级创建时间',
  `class_update_time` timestamp(0) NULL DEFAULT NULL COMMENT '班级更新时间',
  PRIMARY KEY (`class_id`) USING BTREE
) ENGINE = InnoDB AUTO_INCREMENT = 28 CHARACTER SET = utf8 COLLATE = utf8_general_ci ROW_FORMAT = Dynamic;

-- ----------------------------
-- Records of class
-- ----------------------------
INSERT INTO `class` VALUES (1, 'xg171', '2017', '信管171', '2020-01-09 17:49:52', '2020-01-09 17:55:13');
INSERT INTO `class` VALUES (2, 'xg172', '2017', '信管172', '2020-01-09 17:50:00', NULL);
INSERT INTO `class` VALUES (3, 'xg173', '2017', '信管173', '2020-01-09 17:50:04', NULL);
INSERT INTO `class` VALUES (4, 'wg171', '2017', '物管171', '2020-01-09 17:50:24', NULL);
INSERT INTO `class` VALUES (5, 'wg172', '2017', '物管172', '2020-01-09 17:50:31', NULL);
INSERT INTO `class` VALUES (6, 'wg173', '2017', '物管173', '2020-01-09 17:50:33', NULL);
INSERT INTO `class` VALUES (7, 'jg201', '2020', '金管201', '2020-01-09 17:50:53', NULL);
INSERT INTO `class` VALUES (8, 'jg202', '2020', '金管202', '2020-01-09 17:51:03', NULL);
INSERT INTO `class` VALUES (9, 'jg203', '2020', '金管203', '2020-01-09 17:51:07', NULL);
INSERT INTO `class` VALUES (10, 'dsj201', '2020', '大数据201', '2020-01-09 17:51:43', NULL);
INSERT INTO `class` VALUES (11, 'dsj202', '2020', '大数据202', '2020-01-09 17:51:48', NULL);
INSERT INTO `class` VALUES (12, 'dsj203', '2020', '大数据203', '2020-01-09 17:51:51', NULL);
INSERT INTO `class` VALUES (13, 'yjs201', '2020', '云计算201', '2020-01-09 17:52:32', NULL);
INSERT INTO `class` VALUES (14, 'yjs202', '2020', '云计算202', '2020-01-09 17:52:34', NULL);
INSERT INTO `class` VALUES (15, 'yjs203', '2020', '云计算203', '2020-01-09 17:52:37', NULL);
INSERT INTO `class` VALUES (16, 'wlw201', '2020', '物联网201', '2020-01-09 17:52:50', NULL);
INSERT INTO `class` VALUES (17, 'wlw202', '2020', '物联网202', '2020-01-09 17:52:53', NULL);
INSERT INTO `class` VALUES (18, 'wlw203', '2020', '物联网203', '2020-01-09 17:52:56', NULL);
INSERT INTO `class` VALUES (19, 'lj201', '2020', '炼金201', '2020-01-09 17:53:18', NULL);
INSERT INTO `class` VALUES (20, 'lj202', '2020', '炼金202', '2020-01-09 17:53:22', NULL);
INSERT INTO `class` VALUES (21, 'lj203', '2020', '炼金203', '2020-01-09 17:53:27', NULL);
INSERT INTO `class` VALUES (22, 'mf201', '2020', '魔法201', '2020-01-09 17:53:35', NULL);
INSERT INTO `class` VALUES (23, 'mf202', '2020', '魔法202', '2020-01-09 17:53:40', NULL);
INSERT INTO `class` VALUES (24, 'mf203', '2020', '魔法203', '2020-01-09 17:53:44', NULL);
INSERT INTO `class` VALUES (25, 'qm201', '2020', '驱魔201', '2020-01-09 17:53:56', '2020-01-09 17:59:25');
INSERT INTO `class` VALUES (26, 'qm202', '2020', '驱魔202', '2020-01-09 17:54:01', '2020-01-09 17:59:34');
INSERT INTO `class` VALUES (27, 'qm203', '2020', '驱魔203', '2020-01-09 17:54:05', '2020-01-09 17:59:41');

-- ----------------------------
-- Table structure for cmc_relation
-- ----------------------------
DROP TABLE IF EXISTS `cmc_relation`;
CREATE TABLE `cmc_relation`  (
  `cmcr_id` int(11) NOT NULL AUTO_INCREMENT COMMENT 'ID',
  `cmcr_class_id` int(11) NULL DEFAULT NULL COMMENT '班级ID',
  `cmcr_major_id` int(11) NULL DEFAULT NULL COMMENT '专业ID',
  `cmcr_college_id` int(11) NULL DEFAULT NULL COMMENT '院系ID',
  PRIMARY KEY (`cmcr_id`) USING BTREE
) ENGINE = InnoDB AUTO_INCREMENT = 28 CHARACTER SET = utf8 COLLATE = utf8_general_ci ROW_FORMAT = Dynamic;

-- ----------------------------
-- Records of cmc_relation
-- ----------------------------
INSERT INTO `cmc_relation` VALUES (1, 1, 1, 1);
INSERT INTO `cmc_relation` VALUES (2, 2, 1, 1);
INSERT INTO `cmc_relation` VALUES (3, 3, 1, 1);
INSERT INTO `cmc_relation` VALUES (4, 4, 2, 1);
INSERT INTO `cmc_relation` VALUES (5, 5, 2, 1);
INSERT INTO `cmc_relation` VALUES (6, 6, 2, 1);
INSERT INTO `cmc_relation` VALUES (7, 7, 3, 1);
INSERT INTO `cmc_relation` VALUES (8, 8, 3, 1);
INSERT INTO `cmc_relation` VALUES (9, 9, 3, 1);
INSERT INTO `cmc_relation` VALUES (10, 10, 4, 2);
INSERT INTO `cmc_relation` VALUES (11, 11, 4, 2);
INSERT INTO `cmc_relation` VALUES (12, 12, 4, 2);
INSERT INTO `cmc_relation` VALUES (13, 13, 6, 2);
INSERT INTO `cmc_relation` VALUES (14, 14, 6, 2);
INSERT INTO `cmc_relation` VALUES (15, 15, 6, 2);
INSERT INTO `cmc_relation` VALUES (16, 16, 5, 2);
INSERT INTO `cmc_relation` VALUES (17, 17, 5, 2);
INSERT INTO `cmc_relation` VALUES (18, 18, 5, 2);
INSERT INTO `cmc_relation` VALUES (19, 19, 7, 3);
INSERT INTO `cmc_relation` VALUES (20, 20, 7, 3);
INSERT INTO `cmc_relation` VALUES (21, 21, 7, 3);
INSERT INTO `cmc_relation` VALUES (22, 22, 8, 3);
INSERT INTO `cmc_relation` VALUES (23, 23, 8, 3);
INSERT INTO `cmc_relation` VALUES (24, 24, 8, 3);
INSERT INTO `cmc_relation` VALUES (25, 25, 9, 3);
INSERT INTO `cmc_relation` VALUES (26, 26, 9, 3);
INSERT INTO `cmc_relation` VALUES (27, 27, 9, 3);

-- ----------------------------
-- Table structure for college
-- ----------------------------
DROP TABLE IF EXISTS `college`;
CREATE TABLE `college`  (
  `c_id` int(255) NOT NULL AUTO_INCREMENT COMMENT 'ID',
  `c_code` varchar(30) CHARACTER SET utf8 COLLATE utf8_general_ci NOT NULL COMMENT '院系编号',
  `c_name` varchar(30) CHARACTER SET utf8 COLLATE utf8_general_ci NOT NULL COMMENT '院系名称',
  `c_create_time` timestamp(0) NOT NULL DEFAULT CURRENT_TIMESTAMP COMMENT '院系创建时间',
  `c_update_time` timestamp(0) NULL DEFAULT NULL COMMENT '院系更新时间',
  PRIMARY KEY (`c_id`) USING BTREE
) ENGINE = InnoDB AUTO_INCREMENT = 4 CHARACTER SET = utf8 COLLATE = utf8_general_ci ROW_FORMAT = Dynamic;

-- ----------------------------
-- Records of college
-- ----------------------------
INSERT INTO `college` VALUES (1, 'jgy', '经济与管理学院', '2020-01-09 17:44:40', NULL);
INSERT INTO `college` VALUES (2, 'dxy', '电子信息工程学院', '2020-01-09 17:44:53', NULL);
INSERT INTO `college` VALUES (3, 'mfy', '霍尔格茨魔法学院', '2020-01-09 17:45:12', NULL);

-- ----------------------------
-- Table structure for major
-- ----------------------------
DROP TABLE IF EXISTS `major`;
CREATE TABLE `major`  (
  `m_id` int(11) NOT NULL AUTO_INCREMENT COMMENT 'ID',
  `m_code` varchar(255) CHARACTER SET utf8 COLLATE utf8_general_ci NOT NULL COMMENT '专业编号',
  `m_name` varchar(255) CHARACTER SET utf8 COLLATE utf8_general_ci NOT NULL COMMENT '专业名称',
  `m_create_time` timestamp(0) NOT NULL DEFAULT CURRENT_TIMESTAMP COMMENT '专业创建时间',
  `m_update_time` timestamp(0) NULL DEFAULT NULL COMMENT '专业更新时间',
  PRIMARY KEY (`m_id`) USING BTREE
) ENGINE = InnoDB AUTO_INCREMENT = 10 CHARACTER SET = utf8 COLLATE = utf8_general_ci ROW_FORMAT = Dynamic;

-- ----------------------------
-- Records of major
-- ----------------------------
INSERT INTO `major` VALUES (1, 'xg', '信息管理与信息系统', '2020-01-09 17:45:25', NULL);
INSERT INTO `major` VALUES (2, 'wg', '物流管理', '2020-01-09 17:45:44', NULL);
INSERT INTO `major` VALUES (3, 'jg', '金融管理', '2020-01-09 17:45:56', NULL);
INSERT INTO `major` VALUES (4, 'dsj', '大数据', '2020-01-09 17:46:08', NULL);
INSERT INTO `major` VALUES (5, 'wlw', '物联网', '2020-01-09 17:46:15', NULL);
INSERT INTO `major` VALUES (6, 'yjs', '云计算', '2020-01-09 17:46:27', NULL);
INSERT INTO `major` VALUES (7, 'ljzdh', '炼金自动化', '2020-01-09 17:46:37', NULL);
INSERT INTO `major` VALUES (8, 'mfyrgzn', '魔法与人工智能', '2020-01-09 17:46:54', NULL);
INSERT INTO `major` VALUES (9, 'qmzyh', '驱魔专业化', '2020-01-09 17:49:30', NULL);

-- ----------------------------
-- Table structure for mc_relation
-- ----------------------------
DROP TABLE IF EXISTS `mc_relation`;
CREATE TABLE `mc_relation`  (
  `mcr_id` int(11) NOT NULL AUTO_INCREMENT COMMENT 'ID',
  `mcr_major_id` int(11) NULL DEFAULT NULL COMMENT '专业ID',
  `mcr_college_id` int(11) NULL DEFAULT NULL COMMENT '院系ID',
  PRIMARY KEY (`mcr_id`) USING BTREE
) ENGINE = InnoDB AUTO_INCREMENT = 10 CHARACTER SET = utf8 COLLATE = utf8_general_ci ROW_FORMAT = Dynamic;

-- ----------------------------
-- Records of mc_relation
-- ----------------------------
INSERT INTO `mc_relation` VALUES (1, 1, 1);
INSERT INTO `mc_relation` VALUES (2, 2, 1);
INSERT INTO `mc_relation` VALUES (3, 3, 1);
INSERT INTO `mc_relation` VALUES (4, 4, 2);
INSERT INTO `mc_relation` VALUES (5, 5, 2);
INSERT INTO `mc_relation` VALUES (6, 6, 2);
INSERT INTO `mc_relation` VALUES (7, 7, 3);
INSERT INTO `mc_relation` VALUES (8, 8, 3);
INSERT INTO `mc_relation` VALUES (9, 9, 3);

-- ----------------------------
-- Table structure for scmc_relation
-- ----------------------------
DROP TABLE IF EXISTS `scmc_relation`;
CREATE TABLE `scmc_relation`  (
  `scmcr_id` int(11) NOT NULL AUTO_INCREMENT COMMENT 'ID',
  `scmcr_student_id` int(11) NULL DEFAULT NULL COMMENT '学生ID',
  `scmcr_class_id` int(11) NULL DEFAULT NULL COMMENT '班级ID',
  `scmcr_major_id` int(11) NULL DEFAULT NULL COMMENT '专业ID',
  `scmcr_college_id` int(11) NULL DEFAULT NULL COMMENT '院系ID',
  PRIMARY KEY (`scmcr_id`) USING BTREE
) ENGINE = InnoDB AUTO_INCREMENT = 702 CHARACTER SET = utf8 COLLATE = utf8_general_ci ROW_FORMAT = Dynamic;

-- ----------------------------
-- Records of scmc_relation
-- ----------------------------
INSERT INTO `scmc_relation` VALUES (1, 1, 3, 1, 1);
INSERT INTO `scmc_relation` VALUES (2, 2, 26, 9, 3);
INSERT INTO `scmc_relation` VALUES (3, 3, 19, 7, 3);
INSERT INTO `scmc_relation` VALUES (4, 4, 14, 6, 2);
INSERT INTO `scmc_relation` VALUES (5, 5, 11, 4, 2);
INSERT INTO `scmc_relation` VALUES (6, 6, 18, 5, 2);
INSERT INTO `scmc_relation` VALUES (7, 7, 7, 3, 1);
INSERT INTO `scmc_relation` VALUES (8, 8, 10, 4, 2);
INSERT INTO `scmc_relation` VALUES (9, 9, 13, 6, 2);
INSERT INTO `scmc_relation` VALUES (10, 10, 5, 2, 1);
INSERT INTO `scmc_relation` VALUES (11, 11, 5, 2, 1);
INSERT INTO `scmc_relation` VALUES (12, 12, 20, 7, 3);
INSERT INTO `scmc_relation` VALUES (13, 13, 2, 1, 1);
INSERT INTO `scmc_relation` VALUES (14, 14, 8, 3, 1);
INSERT INTO `scmc_relation` VALUES (15, 15, 1, 1, 1);
INSERT INTO `scmc_relation` VALUES (16, 16, 20, 7, 3);
INSERT INTO `scmc_relation` VALUES (17, 17, 8, 3, 1);
INSERT INTO `scmc_relation` VALUES (18, 18, 8, 3, 1);
INSERT INTO `scmc_relation` VALUES (19, 19, 25, 9, 3);
INSERT INTO `scmc_relation` VALUES (20, 20, 27, 9, 3);
INSERT INTO `scmc_relation` VALUES (21, 21, 23, 8, 3);
INSERT INTO `scmc_relation` VALUES (22, 22, 23, 8, 3);
INSERT INTO `scmc_relation` VALUES (23, 23, 21, 7, 3);
INSERT INTO `scmc_relation` VALUES (24, 24, 5, 2, 1);
INSERT INTO `scmc_relation` VALUES (25, 25, 4, 2, 1);
INSERT INTO `scmc_relation` VALUES (26, 26, 26, 9, 3);
INSERT INTO `scmc_relation` VALUES (27, 27, 15, 6, 2);
INSERT INTO `scmc_relation` VALUES (28, 28, 10, 4, 2);
INSERT INTO `scmc_relation` VALUES (29, 29, 17, 5, 2);
INSERT INTO `scmc_relation` VALUES (30, 30, 2, 1, 1);
INSERT INTO `scmc_relation` VALUES (31, 31, 22, 8, 3);
INSERT INTO `scmc_relation` VALUES (32, 32, 18, 5, 2);
INSERT INTO `scmc_relation` VALUES (33, 33, 4, 2, 1);
INSERT INTO `scmc_relation` VALUES (34, 34, 19, 7, 3);
INSERT INTO `scmc_relation` VALUES (35, 35, 7, 3, 1);
INSERT INTO `scmc_relation` VALUES (36, 36, 16, 5, 2);
INSERT INTO `scmc_relation` VALUES (37, 37, 21, 7, 3);
INSERT INTO `scmc_relation` VALUES (38, 38, 19, 7, 3);
INSERT INTO `scmc_relation` VALUES (39, 39, 14, 6, 2);
INSERT INTO `scmc_relation` VALUES (40, 40, 7, 3, 1);
INSERT INTO `scmc_relation` VALUES (41, 41, 27, 9, 3);
INSERT INTO `scmc_relation` VALUES (42, 42, 15, 6, 2);
INSERT INTO `scmc_relation` VALUES (43, 43, 15, 6, 2);
INSERT INTO `scmc_relation` VALUES (44, 44, 13, 6, 2);
INSERT INTO `scmc_relation` VALUES (45, 45, 26, 9, 3);
INSERT INTO `scmc_relation` VALUES (46, 46, 9, 3, 1);
INSERT INTO `scmc_relation` VALUES (47, 47, 2, 1, 1);
INSERT INTO `scmc_relation` VALUES (48, 48, 27, 9, 3);
INSERT INTO `scmc_relation` VALUES (49, 49, 27, 9, 3);
INSERT INTO `scmc_relation` VALUES (50, 50, 13, 6, 2);
INSERT INTO `scmc_relation` VALUES (51, 51, 3, 1, 1);
INSERT INTO `scmc_relation` VALUES (52, 52, 7, 3, 1);
INSERT INTO `scmc_relation` VALUES (53, 53, 21, 7, 3);
INSERT INTO `scmc_relation` VALUES (54, 54, 18, 5, 2);
INSERT INTO `scmc_relation` VALUES (55, 55, 20, 7, 3);
INSERT INTO `scmc_relation` VALUES (56, 56, 4, 2, 1);
INSERT INTO `scmc_relation` VALUES (57, 57, 26, 9, 3);
INSERT INTO `scmc_relation` VALUES (58, 58, 1, 1, 1);
INSERT INTO `scmc_relation` VALUES (59, 59, 2, 1, 1);
INSERT INTO `scmc_relation` VALUES (60, 60, 25, 9, 3);
INSERT INTO `scmc_relation` VALUES (61, 61, 2, 1, 1);
INSERT INTO `scmc_relation` VALUES (62, 62, 12, 4, 2);
INSERT INTO `scmc_relation` VALUES (63, 63, 19, 7, 3);
INSERT INTO `scmc_relation` VALUES (64, 64, 23, 8, 3);
INSERT INTO `scmc_relation` VALUES (65, 65, 2, 1, 1);
INSERT INTO `scmc_relation` VALUES (66, 66, 3, 1, 1);
INSERT INTO `scmc_relation` VALUES (67, 67, 1, 1, 1);
INSERT INTO `scmc_relation` VALUES (68, 68, 22, 8, 3);
INSERT INTO `scmc_relation` VALUES (69, 69, 23, 8, 3);
INSERT INTO `scmc_relation` VALUES (70, 70, 15, 6, 2);
INSERT INTO `scmc_relation` VALUES (71, 71, 15, 6, 2);
INSERT INTO `scmc_relation` VALUES (72, 72, 10, 4, 2);
INSERT INTO `scmc_relation` VALUES (73, 73, 14, 6, 2);
INSERT INTO `scmc_relation` VALUES (74, 74, 13, 6, 2);
INSERT INTO `scmc_relation` VALUES (75, 75, 15, 6, 2);
INSERT INTO `scmc_relation` VALUES (76, 76, 20, 7, 3);
INSERT INTO `scmc_relation` VALUES (77, 77, 1, 1, 1);
INSERT INTO `scmc_relation` VALUES (78, 78, 13, 6, 2);
INSERT INTO `scmc_relation` VALUES (79, 79, 8, 3, 1);
INSERT INTO `scmc_relation` VALUES (80, 80, 12, 4, 2);
INSERT INTO `scmc_relation` VALUES (81, 81, 23, 8, 3);
INSERT INTO `scmc_relation` VALUES (82, 82, 20, 7, 3);
INSERT INTO `scmc_relation` VALUES (83, 83, 10, 4, 2);
INSERT INTO `scmc_relation` VALUES (84, 84, 14, 6, 2);
INSERT INTO `scmc_relation` VALUES (85, 85, 8, 3, 1);
INSERT INTO `scmc_relation` VALUES (86, 86, 24, 8, 3);
INSERT INTO `scmc_relation` VALUES (87, 87, 10, 4, 2);
INSERT INTO `scmc_relation` VALUES (88, 88, 23, 8, 3);
INSERT INTO `scmc_relation` VALUES (89, 89, 25, 9, 3);
INSERT INTO `scmc_relation` VALUES (90, 90, 22, 8, 3);
INSERT INTO `scmc_relation` VALUES (91, 91, 24, 8, 3);
INSERT INTO `scmc_relation` VALUES (92, 92, 18, 5, 2);
INSERT INTO `scmc_relation` VALUES (93, 93, 15, 6, 2);
INSERT INTO `scmc_relation` VALUES (94, 94, 16, 5, 2);
INSERT INTO `scmc_relation` VALUES (95, 95, 5, 2, 1);
INSERT INTO `scmc_relation` VALUES (96, 96, 4, 2, 1);
INSERT INTO `scmc_relation` VALUES (97, 97, 21, 7, 3);
INSERT INTO `scmc_relation` VALUES (98, 98, 17, 5, 2);
INSERT INTO `scmc_relation` VALUES (99, 99, 15, 6, 2);
INSERT INTO `scmc_relation` VALUES (100, 100, 22, 8, 3);
INSERT INTO `scmc_relation` VALUES (101, 101, 3, 1, 1);
INSERT INTO `scmc_relation` VALUES (102, 102, 5, 2, 1);
INSERT INTO `scmc_relation` VALUES (103, 103, 1, 1, 1);
INSERT INTO `scmc_relation` VALUES (104, 104, 13, 6, 2);
INSERT INTO `scmc_relation` VALUES (105, 105, 1, 1, 1);
INSERT INTO `scmc_relation` VALUES (106, 106, 19, 7, 3);
INSERT INTO `scmc_relation` VALUES (107, 107, 26, 9, 3);
INSERT INTO `scmc_relation` VALUES (108, 108, 27, 9, 3);
INSERT INTO `scmc_relation` VALUES (109, 109, 9, 3, 1);
INSERT INTO `scmc_relation` VALUES (110, 110, 27, 9, 3);
INSERT INTO `scmc_relation` VALUES (111, 111, 26, 9, 3);
INSERT INTO `scmc_relation` VALUES (112, 112, 5, 2, 1);
INSERT INTO `scmc_relation` VALUES (113, 113, 22, 8, 3);
INSERT INTO `scmc_relation` VALUES (114, 114, 16, 5, 2);
INSERT INTO `scmc_relation` VALUES (115, 115, 17, 5, 2);
INSERT INTO `scmc_relation` VALUES (116, 116, 21, 7, 3);
INSERT INTO `scmc_relation` VALUES (117, 117, 8, 3, 1);
INSERT INTO `scmc_relation` VALUES (118, 118, 27, 9, 3);
INSERT INTO `scmc_relation` VALUES (119, 119, 14, 6, 2);
INSERT INTO `scmc_relation` VALUES (120, 120, 19, 7, 3);
INSERT INTO `scmc_relation` VALUES (121, 121, 17, 5, 2);
INSERT INTO `scmc_relation` VALUES (122, 122, 6, 2, 1);
INSERT INTO `scmc_relation` VALUES (123, 123, 1, 1, 1);
INSERT INTO `scmc_relation` VALUES (124, 124, 13, 6, 2);
INSERT INTO `scmc_relation` VALUES (125, 125, 19, 7, 3);
INSERT INTO `scmc_relation` VALUES (126, 126, 2, 1, 1);
INSERT INTO `scmc_relation` VALUES (127, 127, 21, 7, 3);
INSERT INTO `scmc_relation` VALUES (128, 128, 3, 1, 1);
INSERT INTO `scmc_relation` VALUES (129, 129, 16, 5, 2);
INSERT INTO `scmc_relation` VALUES (130, 130, 14, 6, 2);
INSERT INTO `scmc_relation` VALUES (131, 131, 4, 2, 1);
INSERT INTO `scmc_relation` VALUES (132, 132, 19, 7, 3);
INSERT INTO `scmc_relation` VALUES (133, 133, 5, 2, 1);
INSERT INTO `scmc_relation` VALUES (134, 134, 4, 2, 1);
INSERT INTO `scmc_relation` VALUES (135, 135, 26, 9, 3);
INSERT INTO `scmc_relation` VALUES (136, 136, 10, 4, 2);
INSERT INTO `scmc_relation` VALUES (137, 137, 23, 8, 3);
INSERT INTO `scmc_relation` VALUES (138, 138, 22, 8, 3);
INSERT INTO `scmc_relation` VALUES (139, 139, 17, 5, 2);
INSERT INTO `scmc_relation` VALUES (140, 140, 9, 3, 1);
INSERT INTO `scmc_relation` VALUES (141, 141, 13, 6, 2);
INSERT INTO `scmc_relation` VALUES (142, 142, 19, 7, 3);
INSERT INTO `scmc_relation` VALUES (143, 143, 2, 1, 1);
INSERT INTO `scmc_relation` VALUES (144, 144, 6, 2, 1);
INSERT INTO `scmc_relation` VALUES (145, 145, 26, 9, 3);
INSERT INTO `scmc_relation` VALUES (146, 146, 8, 3, 1);
INSERT INTO `scmc_relation` VALUES (147, 147, 22, 8, 3);
INSERT INTO `scmc_relation` VALUES (148, 148, 18, 5, 2);
INSERT INTO `scmc_relation` VALUES (149, 149, 2, 1, 1);
INSERT INTO `scmc_relation` VALUES (150, 150, 9, 3, 1);
INSERT INTO `scmc_relation` VALUES (151, 151, 11, 4, 2);
INSERT INTO `scmc_relation` VALUES (152, 152, 2, 1, 1);
INSERT INTO `scmc_relation` VALUES (153, 153, 14, 6, 2);
INSERT INTO `scmc_relation` VALUES (154, 154, 19, 7, 3);
INSERT INTO `scmc_relation` VALUES (155, 155, 20, 7, 3);
INSERT INTO `scmc_relation` VALUES (156, 156, 11, 4, 2);
INSERT INTO `scmc_relation` VALUES (157, 157, 22, 8, 3);
INSERT INTO `scmc_relation` VALUES (158, 158, 4, 2, 1);
INSERT INTO `scmc_relation` VALUES (159, 159, 12, 4, 2);
INSERT INTO `scmc_relation` VALUES (160, 160, 15, 6, 2);
INSERT INTO `scmc_relation` VALUES (161, 161, 17, 5, 2);
INSERT INTO `scmc_relation` VALUES (162, 162, 20, 7, 3);
INSERT INTO `scmc_relation` VALUES (163, 163, 20, 7, 3);
INSERT INTO `scmc_relation` VALUES (164, 164, 18, 5, 2);
INSERT INTO `scmc_relation` VALUES (165, 165, 17, 5, 2);
INSERT INTO `scmc_relation` VALUES (166, 166, 19, 7, 3);
INSERT INTO `scmc_relation` VALUES (167, 167, 1, 1, 1);
INSERT INTO `scmc_relation` VALUES (168, 168, 18, 5, 2);
INSERT INTO `scmc_relation` VALUES (169, 169, 8, 3, 1);
INSERT INTO `scmc_relation` VALUES (170, 170, 27, 9, 3);
INSERT INTO `scmc_relation` VALUES (171, 171, 8, 3, 1);
INSERT INTO `scmc_relation` VALUES (172, 172, 23, 8, 3);
INSERT INTO `scmc_relation` VALUES (173, 173, 17, 5, 2);
INSERT INTO `scmc_relation` VALUES (174, 174, 7, 3, 1);
INSERT INTO `scmc_relation` VALUES (175, 175, 7, 3, 1);
INSERT INTO `scmc_relation` VALUES (176, 176, 26, 9, 3);
INSERT INTO `scmc_relation` VALUES (177, 177, 24, 8, 3);
INSERT INTO `scmc_relation` VALUES (178, 178, 17, 5, 2);
INSERT INTO `scmc_relation` VALUES (179, 179, 22, 8, 3);
INSERT INTO `scmc_relation` VALUES (180, 180, 25, 9, 3);
INSERT INTO `scmc_relation` VALUES (181, 181, 3, 1, 1);
INSERT INTO `scmc_relation` VALUES (182, 182, 12, 4, 2);
INSERT INTO `scmc_relation` VALUES (183, 183, 7, 3, 1);
INSERT INTO `scmc_relation` VALUES (184, 184, 24, 8, 3);
INSERT INTO `scmc_relation` VALUES (185, 185, 16, 5, 2);
INSERT INTO `scmc_relation` VALUES (186, 186, 23, 8, 3);
INSERT INTO `scmc_relation` VALUES (187, 187, 21, 7, 3);
INSERT INTO `scmc_relation` VALUES (188, 188, 25, 9, 3);
INSERT INTO `scmc_relation` VALUES (189, 189, 6, 2, 1);
INSERT INTO `scmc_relation` VALUES (190, 190, 26, 9, 3);
INSERT INTO `scmc_relation` VALUES (191, 191, 2, 1, 1);
INSERT INTO `scmc_relation` VALUES (192, 192, 18, 5, 2);
INSERT INTO `scmc_relation` VALUES (193, 193, 23, 8, 3);
INSERT INTO `scmc_relation` VALUES (194, 194, 17, 5, 2);
INSERT INTO `scmc_relation` VALUES (195, 195, 20, 7, 3);
INSERT INTO `scmc_relation` VALUES (196, 196, 17, 5, 2);
INSERT INTO `scmc_relation` VALUES (197, 197, 3, 1, 1);
INSERT INTO `scmc_relation` VALUES (198, 198, 16, 5, 2);
INSERT INTO `scmc_relation` VALUES (199, 199, 15, 6, 2);
INSERT INTO `scmc_relation` VALUES (200, 200, 4, 2, 1);
INSERT INTO `scmc_relation` VALUES (201, 201, 25, 9, 3);
INSERT INTO `scmc_relation` VALUES (202, 202, 27, 9, 3);
INSERT INTO `scmc_relation` VALUES (203, 203, 16, 5, 2);
INSERT INTO `scmc_relation` VALUES (204, 204, 18, 5, 2);
INSERT INTO `scmc_relation` VALUES (205, 205, 22, 8, 3);
INSERT INTO `scmc_relation` VALUES (206, 206, 1, 1, 1);
INSERT INTO `scmc_relation` VALUES (207, 207, 6, 2, 1);
INSERT INTO `scmc_relation` VALUES (208, 208, 10, 4, 2);
INSERT INTO `scmc_relation` VALUES (209, 209, 23, 8, 3);
INSERT INTO `scmc_relation` VALUES (210, 210, 4, 2, 1);
INSERT INTO `scmc_relation` VALUES (211, 211, 23, 8, 3);
INSERT INTO `scmc_relation` VALUES (212, 212, 12, 4, 2);
INSERT INTO `scmc_relation` VALUES (213, 213, 12, 4, 2);
INSERT INTO `scmc_relation` VALUES (214, 214, 3, 1, 1);
INSERT INTO `scmc_relation` VALUES (215, 215, 5, 2, 1);
INSERT INTO `scmc_relation` VALUES (216, 216, 20, 7, 3);
INSERT INTO `scmc_relation` VALUES (217, 217, 18, 5, 2);
INSERT INTO `scmc_relation` VALUES (218, 218, 17, 5, 2);
INSERT INTO `scmc_relation` VALUES (219, 219, 1, 1, 1);
INSERT INTO `scmc_relation` VALUES (220, 220, 26, 9, 3);
INSERT INTO `scmc_relation` VALUES (221, 221, 4, 2, 1);
INSERT INTO `scmc_relation` VALUES (222, 222, 27, 9, 3);
INSERT INTO `scmc_relation` VALUES (223, 223, 5, 2, 1);
INSERT INTO `scmc_relation` VALUES (224, 224, 21, 7, 3);
INSERT INTO `scmc_relation` VALUES (225, 225, 14, 6, 2);
INSERT INTO `scmc_relation` VALUES (226, 226, 9, 3, 1);
INSERT INTO `scmc_relation` VALUES (227, 227, 22, 8, 3);
INSERT INTO `scmc_relation` VALUES (228, 228, 10, 4, 2);
INSERT INTO `scmc_relation` VALUES (229, 229, 3, 1, 1);
INSERT INTO `scmc_relation` VALUES (230, 230, 3, 1, 1);
INSERT INTO `scmc_relation` VALUES (231, 231, 13, 6, 2);
INSERT INTO `scmc_relation` VALUES (232, 232, 27, 9, 3);
INSERT INTO `scmc_relation` VALUES (233, 233, 2, 1, 1);
INSERT INTO `scmc_relation` VALUES (234, 234, 24, 8, 3);
INSERT INTO `scmc_relation` VALUES (235, 235, 26, 9, 3);
INSERT INTO `scmc_relation` VALUES (236, 236, 16, 5, 2);
INSERT INTO `scmc_relation` VALUES (237, 237, 18, 5, 2);
INSERT INTO `scmc_relation` VALUES (238, 238, 10, 4, 2);
INSERT INTO `scmc_relation` VALUES (239, 239, 27, 9, 3);
INSERT INTO `scmc_relation` VALUES (240, 240, 11, 4, 2);
INSERT INTO `scmc_relation` VALUES (241, 241, 4, 2, 1);
INSERT INTO `scmc_relation` VALUES (242, 242, 20, 7, 3);
INSERT INTO `scmc_relation` VALUES (243, 243, 3, 1, 1);
INSERT INTO `scmc_relation` VALUES (244, 244, 12, 4, 2);
INSERT INTO `scmc_relation` VALUES (245, 245, 23, 8, 3);
INSERT INTO `scmc_relation` VALUES (246, 246, 19, 7, 3);
INSERT INTO `scmc_relation` VALUES (247, 247, 23, 8, 3);
INSERT INTO `scmc_relation` VALUES (248, 248, 23, 8, 3);
INSERT INTO `scmc_relation` VALUES (249, 249, 26, 9, 3);
INSERT INTO `scmc_relation` VALUES (250, 250, 7, 3, 1);
INSERT INTO `scmc_relation` VALUES (251, 251, 20, 7, 3);
INSERT INTO `scmc_relation` VALUES (252, 252, 3, 1, 1);
INSERT INTO `scmc_relation` VALUES (253, 253, 10, 4, 2);
INSERT INTO `scmc_relation` VALUES (254, 254, 1, 1, 1);
INSERT INTO `scmc_relation` VALUES (255, 255, 4, 2, 1);
INSERT INTO `scmc_relation` VALUES (256, 256, 8, 3, 1);
INSERT INTO `scmc_relation` VALUES (257, 257, 11, 4, 2);
INSERT INTO `scmc_relation` VALUES (258, 258, 16, 5, 2);
INSERT INTO `scmc_relation` VALUES (259, 259, 19, 7, 3);
INSERT INTO `scmc_relation` VALUES (260, 260, 9, 3, 1);
INSERT INTO `scmc_relation` VALUES (261, 261, 9, 3, 1);
INSERT INTO `scmc_relation` VALUES (262, 262, 18, 5, 2);
INSERT INTO `scmc_relation` VALUES (263, 263, 3, 1, 1);
INSERT INTO `scmc_relation` VALUES (264, 264, 17, 5, 2);
INSERT INTO `scmc_relation` VALUES (265, 265, 17, 5, 2);
INSERT INTO `scmc_relation` VALUES (266, 266, 26, 9, 3);
INSERT INTO `scmc_relation` VALUES (267, 267, 22, 8, 3);
INSERT INTO `scmc_relation` VALUES (268, 268, 11, 4, 2);
INSERT INTO `scmc_relation` VALUES (269, 269, 1, 1, 1);
INSERT INTO `scmc_relation` VALUES (270, 270, 19, 7, 3);
INSERT INTO `scmc_relation` VALUES (271, 271, 27, 9, 3);
INSERT INTO `scmc_relation` VALUES (272, 272, 18, 5, 2);
INSERT INTO `scmc_relation` VALUES (273, 273, 14, 6, 2);
INSERT INTO `scmc_relation` VALUES (274, 274, 11, 4, 2);
INSERT INTO `scmc_relation` VALUES (275, 275, 19, 7, 3);
INSERT INTO `scmc_relation` VALUES (276, 276, 27, 9, 3);
INSERT INTO `scmc_relation` VALUES (277, 277, 21, 7, 3);
INSERT INTO `scmc_relation` VALUES (278, 278, 8, 3, 1);
INSERT INTO `scmc_relation` VALUES (279, 279, 14, 6, 2);
INSERT INTO `scmc_relation` VALUES (280, 280, 18, 5, 2);
INSERT INTO `scmc_relation` VALUES (281, 281, 6, 2, 1);
INSERT INTO `scmc_relation` VALUES (282, 282, 20, 7, 3);
INSERT INTO `scmc_relation` VALUES (283, 283, 20, 7, 3);
INSERT INTO `scmc_relation` VALUES (284, 284, 11, 4, 2);
INSERT INTO `scmc_relation` VALUES (285, 285, 2, 1, 1);
INSERT INTO `scmc_relation` VALUES (286, 286, 25, 9, 3);
INSERT INTO `scmc_relation` VALUES (287, 287, 4, 2, 1);
INSERT INTO `scmc_relation` VALUES (288, 288, 6, 2, 1);
INSERT INTO `scmc_relation` VALUES (289, 289, 26, 9, 3);
INSERT INTO `scmc_relation` VALUES (290, 290, 3, 1, 1);
INSERT INTO `scmc_relation` VALUES (291, 291, 5, 2, 1);
INSERT INTO `scmc_relation` VALUES (292, 292, 25, 9, 3);
INSERT INTO `scmc_relation` VALUES (293, 293, 26, 9, 3);
INSERT INTO `scmc_relation` VALUES (294, 294, 14, 6, 2);
INSERT INTO `scmc_relation` VALUES (295, 295, 16, 5, 2);
INSERT INTO `scmc_relation` VALUES (296, 296, 9, 3, 1);
INSERT INTO `scmc_relation` VALUES (297, 297, 26, 9, 3);
INSERT INTO `scmc_relation` VALUES (298, 298, 4, 2, 1);
INSERT INTO `scmc_relation` VALUES (299, 299, 25, 9, 3);
INSERT INTO `scmc_relation` VALUES (300, 300, 20, 7, 3);
INSERT INTO `scmc_relation` VALUES (301, 301, 7, 3, 1);
INSERT INTO `scmc_relation` VALUES (302, 302, 15, 6, 2);
INSERT INTO `scmc_relation` VALUES (303, 303, 27, 9, 3);
INSERT INTO `scmc_relation` VALUES (304, 304, 26, 9, 3);
INSERT INTO `scmc_relation` VALUES (305, 305, 4, 2, 1);
INSERT INTO `scmc_relation` VALUES (306, 306, 6, 2, 1);
INSERT INTO `scmc_relation` VALUES (307, 307, 7, 3, 1);
INSERT INTO `scmc_relation` VALUES (308, 308, 6, 2, 1);
INSERT INTO `scmc_relation` VALUES (309, 309, 16, 5, 2);
INSERT INTO `scmc_relation` VALUES (310, 310, 6, 2, 1);
INSERT INTO `scmc_relation` VALUES (311, 311, 6, 2, 1);
INSERT INTO `scmc_relation` VALUES (312, 312, 4, 2, 1);
INSERT INTO `scmc_relation` VALUES (313, 313, 25, 9, 3);
INSERT INTO `scmc_relation` VALUES (314, 314, 26, 9, 3);
INSERT INTO `scmc_relation` VALUES (315, 315, 25, 9, 3);
INSERT INTO `scmc_relation` VALUES (316, 316, 13, 6, 2);
INSERT INTO `scmc_relation` VALUES (317, 317, 12, 4, 2);
INSERT INTO `scmc_relation` VALUES (318, 318, 11, 4, 2);
INSERT INTO `scmc_relation` VALUES (319, 319, 25, 9, 3);
INSERT INTO `scmc_relation` VALUES (320, 320, 13, 6, 2);
INSERT INTO `scmc_relation` VALUES (321, 321, 25, 9, 3);
INSERT INTO `scmc_relation` VALUES (322, 322, 15, 6, 2);
INSERT INTO `scmc_relation` VALUES (323, 323, 17, 5, 2);
INSERT INTO `scmc_relation` VALUES (324, 324, 21, 7, 3);
INSERT INTO `scmc_relation` VALUES (325, 325, 17, 5, 2);
INSERT INTO `scmc_relation` VALUES (326, 326, 10, 4, 2);
INSERT INTO `scmc_relation` VALUES (327, 327, 23, 8, 3);
INSERT INTO `scmc_relation` VALUES (328, 328, 7, 3, 1);
INSERT INTO `scmc_relation` VALUES (329, 329, 24, 8, 3);
INSERT INTO `scmc_relation` VALUES (330, 330, 3, 1, 1);
INSERT INTO `scmc_relation` VALUES (331, 331, 27, 9, 3);
INSERT INTO `scmc_relation` VALUES (332, 332, 6, 2, 1);
INSERT INTO `scmc_relation` VALUES (333, 333, 3, 1, 1);
INSERT INTO `scmc_relation` VALUES (334, 334, 24, 8, 3);
INSERT INTO `scmc_relation` VALUES (335, 335, 12, 4, 2);
INSERT INTO `scmc_relation` VALUES (336, 336, 22, 8, 3);
INSERT INTO `scmc_relation` VALUES (337, 337, 12, 4, 2);
INSERT INTO `scmc_relation` VALUES (338, 338, 3, 1, 1);
INSERT INTO `scmc_relation` VALUES (339, 339, 2, 1, 1);
INSERT INTO `scmc_relation` VALUES (340, 340, 17, 5, 2);
INSERT INTO `scmc_relation` VALUES (341, 341, 6, 2, 1);
INSERT INTO `scmc_relation` VALUES (342, 342, 6, 2, 1);
INSERT INTO `scmc_relation` VALUES (343, 343, 11, 4, 2);
INSERT INTO `scmc_relation` VALUES (344, 344, 24, 8, 3);
INSERT INTO `scmc_relation` VALUES (345, 345, 2, 1, 1);
INSERT INTO `scmc_relation` VALUES (346, 346, 20, 7, 3);
INSERT INTO `scmc_relation` VALUES (347, 347, 11, 4, 2);
INSERT INTO `scmc_relation` VALUES (348, 348, 14, 6, 2);
INSERT INTO `scmc_relation` VALUES (349, 349, 17, 5, 2);
INSERT INTO `scmc_relation` VALUES (350, 350, 23, 8, 3);
INSERT INTO `scmc_relation` VALUES (351, 351, 12, 4, 2);
INSERT INTO `scmc_relation` VALUES (352, 352, 10, 4, 2);
INSERT INTO `scmc_relation` VALUES (353, 353, 14, 6, 2);
INSERT INTO `scmc_relation` VALUES (354, 354, 22, 8, 3);
INSERT INTO `scmc_relation` VALUES (355, 355, 1, 1, 1);
INSERT INTO `scmc_relation` VALUES (356, 356, 6, 2, 1);
INSERT INTO `scmc_relation` VALUES (357, 357, 1, 1, 1);
INSERT INTO `scmc_relation` VALUES (358, 358, 1, 1, 1);
INSERT INTO `scmc_relation` VALUES (359, 359, 26, 9, 3);
INSERT INTO `scmc_relation` VALUES (360, 360, 13, 6, 2);
INSERT INTO `scmc_relation` VALUES (361, 361, 16, 5, 2);
INSERT INTO `scmc_relation` VALUES (362, 362, 26, 9, 3);
INSERT INTO `scmc_relation` VALUES (363, 363, 14, 6, 2);
INSERT INTO `scmc_relation` VALUES (364, 364, 21, 7, 3);
INSERT INTO `scmc_relation` VALUES (365, 365, 9, 3, 1);
INSERT INTO `scmc_relation` VALUES (366, 366, 14, 6, 2);
INSERT INTO `scmc_relation` VALUES (367, 367, 7, 3, 1);
INSERT INTO `scmc_relation` VALUES (368, 368, 24, 8, 3);
INSERT INTO `scmc_relation` VALUES (369, 369, 25, 9, 3);
INSERT INTO `scmc_relation` VALUES (370, 370, 19, 7, 3);
INSERT INTO `scmc_relation` VALUES (371, 371, 6, 2, 1);
INSERT INTO `scmc_relation` VALUES (372, 372, 19, 7, 3);
INSERT INTO `scmc_relation` VALUES (373, 373, 10, 4, 2);
INSERT INTO `scmc_relation` VALUES (374, 374, 6, 2, 1);
INSERT INTO `scmc_relation` VALUES (375, 375, 22, 8, 3);
INSERT INTO `scmc_relation` VALUES (376, 376, 10, 4, 2);
INSERT INTO `scmc_relation` VALUES (377, 377, 19, 7, 3);
INSERT INTO `scmc_relation` VALUES (378, 378, 6, 2, 1);
INSERT INTO `scmc_relation` VALUES (379, 379, 8, 3, 1);
INSERT INTO `scmc_relation` VALUES (380, 380, 26, 9, 3);
INSERT INTO `scmc_relation` VALUES (381, 381, 10, 4, 2);
INSERT INTO `scmc_relation` VALUES (382, 382, 8, 3, 1);
INSERT INTO `scmc_relation` VALUES (383, 383, 18, 5, 2);
INSERT INTO `scmc_relation` VALUES (384, 384, 3, 1, 1);
INSERT INTO `scmc_relation` VALUES (385, 385, 27, 9, 3);
INSERT INTO `scmc_relation` VALUES (386, 386, 17, 5, 2);
INSERT INTO `scmc_relation` VALUES (387, 387, 6, 2, 1);
INSERT INTO `scmc_relation` VALUES (388, 388, 14, 6, 2);
INSERT INTO `scmc_relation` VALUES (389, 389, 5, 2, 1);
INSERT INTO `scmc_relation` VALUES (390, 390, 20, 7, 3);
INSERT INTO `scmc_relation` VALUES (391, 391, 2, 1, 1);
INSERT INTO `scmc_relation` VALUES (392, 392, 17, 5, 2);
INSERT INTO `scmc_relation` VALUES (393, 393, 12, 4, 2);
INSERT INTO `scmc_relation` VALUES (394, 394, 1, 1, 1);
INSERT INTO `scmc_relation` VALUES (395, 395, 11, 4, 2);
INSERT INTO `scmc_relation` VALUES (396, 396, 24, 8, 3);
INSERT INTO `scmc_relation` VALUES (397, 397, 9, 3, 1);
INSERT INTO `scmc_relation` VALUES (398, 398, 25, 9, 3);
INSERT INTO `scmc_relation` VALUES (399, 399, 15, 6, 2);
INSERT INTO `scmc_relation` VALUES (400, 400, 27, 9, 3);
INSERT INTO `scmc_relation` VALUES (401, 401, 13, 6, 2);
INSERT INTO `scmc_relation` VALUES (402, 402, 20, 7, 3);
INSERT INTO `scmc_relation` VALUES (403, 403, 24, 8, 3);
INSERT INTO `scmc_relation` VALUES (404, 404, 13, 6, 2);
INSERT INTO `scmc_relation` VALUES (405, 405, 19, 7, 3);
INSERT INTO `scmc_relation` VALUES (406, 406, 25, 9, 3);
INSERT INTO `scmc_relation` VALUES (407, 407, 26, 9, 3);
INSERT INTO `scmc_relation` VALUES (408, 408, 2, 1, 1);
INSERT INTO `scmc_relation` VALUES (409, 409, 25, 9, 3);
INSERT INTO `scmc_relation` VALUES (410, 410, 16, 5, 2);
INSERT INTO `scmc_relation` VALUES (411, 411, 17, 5, 2);
INSERT INTO `scmc_relation` VALUES (412, 412, 16, 5, 2);
INSERT INTO `scmc_relation` VALUES (413, 413, 27, 9, 3);
INSERT INTO `scmc_relation` VALUES (414, 414, 26, 9, 3);
INSERT INTO `scmc_relation` VALUES (415, 415, 23, 8, 3);
INSERT INTO `scmc_relation` VALUES (416, 416, 11, 4, 2);
INSERT INTO `scmc_relation` VALUES (417, 417, 24, 8, 3);
INSERT INTO `scmc_relation` VALUES (418, 418, 13, 6, 2);
INSERT INTO `scmc_relation` VALUES (419, 419, 20, 7, 3);
INSERT INTO `scmc_relation` VALUES (420, 420, 8, 3, 1);
INSERT INTO `scmc_relation` VALUES (421, 421, 24, 8, 3);
INSERT INTO `scmc_relation` VALUES (422, 422, 21, 7, 3);
INSERT INTO `scmc_relation` VALUES (423, 423, 24, 8, 3);
INSERT INTO `scmc_relation` VALUES (424, 424, 7, 3, 1);
INSERT INTO `scmc_relation` VALUES (425, 425, 2, 1, 1);
INSERT INTO `scmc_relation` VALUES (426, 426, 22, 8, 3);
INSERT INTO `scmc_relation` VALUES (427, 427, 8, 3, 1);
INSERT INTO `scmc_relation` VALUES (428, 428, 4, 2, 1);
INSERT INTO `scmc_relation` VALUES (429, 429, 1, 1, 1);
INSERT INTO `scmc_relation` VALUES (430, 430, 18, 5, 2);
INSERT INTO `scmc_relation` VALUES (431, 431, 18, 5, 2);
INSERT INTO `scmc_relation` VALUES (432, 432, 11, 4, 2);
INSERT INTO `scmc_relation` VALUES (433, 433, 13, 6, 2);
INSERT INTO `scmc_relation` VALUES (434, 434, 9, 3, 1);
INSERT INTO `scmc_relation` VALUES (435, 435, 18, 5, 2);
INSERT INTO `scmc_relation` VALUES (436, 436, 1, 1, 1);
INSERT INTO `scmc_relation` VALUES (437, 437, 19, 7, 3);
INSERT INTO `scmc_relation` VALUES (438, 438, 3, 1, 1);
INSERT INTO `scmc_relation` VALUES (439, 439, 24, 8, 3);
INSERT INTO `scmc_relation` VALUES (440, 440, 7, 3, 1);
INSERT INTO `scmc_relation` VALUES (441, 441, 16, 5, 2);
INSERT INTO `scmc_relation` VALUES (442, 442, 13, 6, 2);
INSERT INTO `scmc_relation` VALUES (443, 443, 26, 9, 3);
INSERT INTO `scmc_relation` VALUES (444, 444, 20, 7, 3);
INSERT INTO `scmc_relation` VALUES (445, 445, 3, 1, 1);
INSERT INTO `scmc_relation` VALUES (446, 446, 13, 6, 2);
INSERT INTO `scmc_relation` VALUES (447, 447, 7, 3, 1);
INSERT INTO `scmc_relation` VALUES (448, 448, 12, 4, 2);
INSERT INTO `scmc_relation` VALUES (449, 449, 3, 1, 1);
INSERT INTO `scmc_relation` VALUES (450, 450, 17, 5, 2);
INSERT INTO `scmc_relation` VALUES (451, 451, 14, 6, 2);
INSERT INTO `scmc_relation` VALUES (452, 452, 2, 1, 1);
INSERT INTO `scmc_relation` VALUES (453, 453, 27, 9, 3);
INSERT INTO `scmc_relation` VALUES (454, 454, 11, 4, 2);
INSERT INTO `scmc_relation` VALUES (455, 455, 22, 8, 3);
INSERT INTO `scmc_relation` VALUES (456, 456, 6, 2, 1);
INSERT INTO `scmc_relation` VALUES (457, 457, 7, 3, 1);
INSERT INTO `scmc_relation` VALUES (458, 458, 7, 3, 1);
INSERT INTO `scmc_relation` VALUES (459, 459, 5, 2, 1);
INSERT INTO `scmc_relation` VALUES (460, 460, 22, 8, 3);
INSERT INTO `scmc_relation` VALUES (461, 461, 19, 7, 3);
INSERT INTO `scmc_relation` VALUES (462, 462, 16, 5, 2);
INSERT INTO `scmc_relation` VALUES (463, 463, 22, 8, 3);
INSERT INTO `scmc_relation` VALUES (464, 464, 15, 6, 2);
INSERT INTO `scmc_relation` VALUES (465, 465, 16, 5, 2);
INSERT INTO `scmc_relation` VALUES (466, 466, 20, 7, 3);
INSERT INTO `scmc_relation` VALUES (467, 467, 19, 7, 3);
INSERT INTO `scmc_relation` VALUES (468, 468, 26, 9, 3);
INSERT INTO `scmc_relation` VALUES (469, 469, 13, 6, 2);
INSERT INTO `scmc_relation` VALUES (470, 470, 22, 8, 3);
INSERT INTO `scmc_relation` VALUES (471, 471, 6, 2, 1);
INSERT INTO `scmc_relation` VALUES (472, 472, 18, 5, 2);
INSERT INTO `scmc_relation` VALUES (473, 473, 13, 6, 2);
INSERT INTO `scmc_relation` VALUES (474, 474, 17, 5, 2);
INSERT INTO `scmc_relation` VALUES (475, 475, 3, 1, 1);
INSERT INTO `scmc_relation` VALUES (476, 476, 25, 9, 3);
INSERT INTO `scmc_relation` VALUES (477, 477, 22, 8, 3);
INSERT INTO `scmc_relation` VALUES (478, 478, 20, 7, 3);
INSERT INTO `scmc_relation` VALUES (479, 479, 17, 5, 2);
INSERT INTO `scmc_relation` VALUES (480, 480, 9, 3, 1);
INSERT INTO `scmc_relation` VALUES (481, 481, 21, 7, 3);
INSERT INTO `scmc_relation` VALUES (482, 482, 2, 1, 1);
INSERT INTO `scmc_relation` VALUES (483, 483, 25, 9, 3);
INSERT INTO `scmc_relation` VALUES (484, 484, 13, 6, 2);
INSERT INTO `scmc_relation` VALUES (485, 485, 22, 8, 3);
INSERT INTO `scmc_relation` VALUES (486, 486, 13, 6, 2);
INSERT INTO `scmc_relation` VALUES (487, 487, 8, 3, 1);
INSERT INTO `scmc_relation` VALUES (488, 488, 5, 2, 1);
INSERT INTO `scmc_relation` VALUES (489, 489, 1, 1, 1);
INSERT INTO `scmc_relation` VALUES (490, 490, 17, 5, 2);
INSERT INTO `scmc_relation` VALUES (491, 491, 15, 6, 2);
INSERT INTO `scmc_relation` VALUES (492, 492, 13, 6, 2);
INSERT INTO `scmc_relation` VALUES (493, 493, 8, 3, 1);
INSERT INTO `scmc_relation` VALUES (494, 494, 5, 2, 1);
INSERT INTO `scmc_relation` VALUES (495, 495, 4, 2, 1);
INSERT INTO `scmc_relation` VALUES (496, 496, 8, 3, 1);
INSERT INTO `scmc_relation` VALUES (497, 497, 10, 4, 2);
INSERT INTO `scmc_relation` VALUES (498, 498, 16, 5, 2);
INSERT INTO `scmc_relation` VALUES (499, 499, 14, 6, 2);
INSERT INTO `scmc_relation` VALUES (500, 500, 25, 9, 3);
INSERT INTO `scmc_relation` VALUES (501, 501, 1, 1, 1);
INSERT INTO `scmc_relation` VALUES (502, 502, 22, 8, 3);
INSERT INTO `scmc_relation` VALUES (503, 503, 17, 5, 2);
INSERT INTO `scmc_relation` VALUES (504, 504, 4, 2, 1);
INSERT INTO `scmc_relation` VALUES (505, 505, 6, 2, 1);
INSERT INTO `scmc_relation` VALUES (506, 506, 24, 8, 3);
INSERT INTO `scmc_relation` VALUES (507, 507, 26, 9, 3);
INSERT INTO `scmc_relation` VALUES (508, 508, 22, 8, 3);
INSERT INTO `scmc_relation` VALUES (509, 509, 11, 4, 2);
INSERT INTO `scmc_relation` VALUES (510, 510, 5, 2, 1);
INSERT INTO `scmc_relation` VALUES (511, 511, 9, 3, 1);
INSERT INTO `scmc_relation` VALUES (512, 512, 3, 1, 1);
INSERT INTO `scmc_relation` VALUES (513, 513, 12, 4, 2);
INSERT INTO `scmc_relation` VALUES (514, 514, 27, 9, 3);
INSERT INTO `scmc_relation` VALUES (515, 515, 24, 8, 3);
INSERT INTO `scmc_relation` VALUES (516, 516, 25, 9, 3);
INSERT INTO `scmc_relation` VALUES (517, 517, 25, 9, 3);
INSERT INTO `scmc_relation` VALUES (518, 518, 16, 5, 2);
INSERT INTO `scmc_relation` VALUES (519, 519, 5, 2, 1);
INSERT INTO `scmc_relation` VALUES (520, 520, 8, 3, 1);
INSERT INTO `scmc_relation` VALUES (521, 521, 10, 4, 2);
INSERT INTO `scmc_relation` VALUES (522, 522, 23, 8, 3);
INSERT INTO `scmc_relation` VALUES (523, 523, 15, 6, 2);
INSERT INTO `scmc_relation` VALUES (524, 524, 12, 4, 2);
INSERT INTO `scmc_relation` VALUES (525, 525, 9, 3, 1);
INSERT INTO `scmc_relation` VALUES (526, 526, 14, 6, 2);
INSERT INTO `scmc_relation` VALUES (527, 527, 9, 3, 1);
INSERT INTO `scmc_relation` VALUES (528, 528, 15, 6, 2);
INSERT INTO `scmc_relation` VALUES (529, 529, 12, 4, 2);
INSERT INTO `scmc_relation` VALUES (530, 530, 3, 1, 1);
INSERT INTO `scmc_relation` VALUES (531, 531, 26, 9, 3);
INSERT INTO `scmc_relation` VALUES (532, 532, 17, 5, 2);
INSERT INTO `scmc_relation` VALUES (533, 533, 26, 9, 3);
INSERT INTO `scmc_relation` VALUES (534, 534, 24, 8, 3);
INSERT INTO `scmc_relation` VALUES (535, 535, 14, 6, 2);
INSERT INTO `scmc_relation` VALUES (536, 536, 2, 1, 1);
INSERT INTO `scmc_relation` VALUES (537, 537, 17, 5, 2);
INSERT INTO `scmc_relation` VALUES (538, 538, 6, 2, 1);
INSERT INTO `scmc_relation` VALUES (539, 539, 4, 2, 1);
INSERT INTO `scmc_relation` VALUES (540, 540, 4, 2, 1);
INSERT INTO `scmc_relation` VALUES (541, 541, 25, 9, 3);
INSERT INTO `scmc_relation` VALUES (542, 542, 15, 6, 2);
INSERT INTO `scmc_relation` VALUES (543, 543, 6, 2, 1);
INSERT INTO `scmc_relation` VALUES (544, 544, 14, 6, 2);
INSERT INTO `scmc_relation` VALUES (545, 545, 14, 6, 2);
INSERT INTO `scmc_relation` VALUES (546, 546, 23, 8, 3);
INSERT INTO `scmc_relation` VALUES (547, 547, 6, 2, 1);
INSERT INTO `scmc_relation` VALUES (548, 548, 14, 6, 2);
INSERT INTO `scmc_relation` VALUES (549, 549, 12, 4, 2);
INSERT INTO `scmc_relation` VALUES (550, 550, 13, 6, 2);
INSERT INTO `scmc_relation` VALUES (551, 551, 16, 5, 2);
INSERT INTO `scmc_relation` VALUES (552, 552, 21, 7, 3);
INSERT INTO `scmc_relation` VALUES (553, 553, 1, 1, 1);
INSERT INTO `scmc_relation` VALUES (554, 554, 15, 6, 2);
INSERT INTO `scmc_relation` VALUES (555, 555, 15, 6, 2);
INSERT INTO `scmc_relation` VALUES (556, 556, 26, 9, 3);
INSERT INTO `scmc_relation` VALUES (557, 557, 22, 8, 3);
INSERT INTO `scmc_relation` VALUES (558, 558, 21, 7, 3);
INSERT INTO `scmc_relation` VALUES (559, 559, 11, 4, 2);
INSERT INTO `scmc_relation` VALUES (560, 560, 17, 5, 2);
INSERT INTO `scmc_relation` VALUES (561, 561, 6, 2, 1);
INSERT INTO `scmc_relation` VALUES (562, 562, 5, 2, 1);
INSERT INTO `scmc_relation` VALUES (563, 563, 20, 7, 3);
INSERT INTO `scmc_relation` VALUES (564, 564, 12, 4, 2);
INSERT INTO `scmc_relation` VALUES (565, 565, 15, 6, 2);
INSERT INTO `scmc_relation` VALUES (566, 566, 1, 1, 1);
INSERT INTO `scmc_relation` VALUES (567, 567, 11, 4, 2);
INSERT INTO `scmc_relation` VALUES (568, 568, 2, 1, 1);
INSERT INTO `scmc_relation` VALUES (569, 569, 13, 6, 2);
INSERT INTO `scmc_relation` VALUES (570, 570, 6, 2, 1);
INSERT INTO `scmc_relation` VALUES (571, 571, 14, 6, 2);
INSERT INTO `scmc_relation` VALUES (572, 572, 3, 1, 1);
INSERT INTO `scmc_relation` VALUES (573, 573, 12, 4, 2);
INSERT INTO `scmc_relation` VALUES (574, 574, 23, 8, 3);
INSERT INTO `scmc_relation` VALUES (575, 575, 18, 5, 2);
INSERT INTO `scmc_relation` VALUES (576, 576, 18, 5, 2);
INSERT INTO `scmc_relation` VALUES (577, 577, 18, 5, 2);
INSERT INTO `scmc_relation` VALUES (578, 578, 6, 2, 1);
INSERT INTO `scmc_relation` VALUES (579, 579, 6, 2, 1);
INSERT INTO `scmc_relation` VALUES (580, 580, 16, 5, 2);
INSERT INTO `scmc_relation` VALUES (581, 581, 10, 4, 2);
INSERT INTO `scmc_relation` VALUES (582, 582, 8, 3, 1);
INSERT INTO `scmc_relation` VALUES (583, 583, 10, 4, 2);
INSERT INTO `scmc_relation` VALUES (584, 584, 4, 2, 1);
INSERT INTO `scmc_relation` VALUES (585, 585, 16, 5, 2);
INSERT INTO `scmc_relation` VALUES (586, 586, 11, 4, 2);
INSERT INTO `scmc_relation` VALUES (587, 587, 17, 5, 2);
INSERT INTO `scmc_relation` VALUES (588, 588, 21, 7, 3);
INSERT INTO `scmc_relation` VALUES (589, 589, 26, 9, 3);
INSERT INTO `scmc_relation` VALUES (590, 590, 1, 1, 1);
INSERT INTO `scmc_relation` VALUES (591, 591, 19, 7, 3);
INSERT INTO `scmc_relation` VALUES (592, 592, 15, 6, 2);
INSERT INTO `scmc_relation` VALUES (593, 593, 4, 2, 1);
INSERT INTO `scmc_relation` VALUES (594, 594, 26, 9, 3);
INSERT INTO `scmc_relation` VALUES (595, 595, 4, 2, 1);
INSERT INTO `scmc_relation` VALUES (596, 596, 15, 6, 2);
INSERT INTO `scmc_relation` VALUES (597, 597, 13, 6, 2);
INSERT INTO `scmc_relation` VALUES (598, 598, 13, 6, 2);
INSERT INTO `scmc_relation` VALUES (599, 599, 11, 4, 2);
INSERT INTO `scmc_relation` VALUES (600, 600, 11, 4, 2);
INSERT INTO `scmc_relation` VALUES (601, 601, 11, 4, 2);
INSERT INTO `scmc_relation` VALUES (602, 602, 1, 1, 1);
INSERT INTO `scmc_relation` VALUES (603, 603, 6, 2, 1);
INSERT INTO `scmc_relation` VALUES (604, 604, 10, 4, 2);
INSERT INTO `scmc_relation` VALUES (605, 605, 19, 7, 3);
INSERT INTO `scmc_relation` VALUES (606, 606, 11, 4, 2);
INSERT INTO `scmc_relation` VALUES (607, 607, 18, 5, 2);
INSERT INTO `scmc_relation` VALUES (608, 608, 26, 9, 3);
INSERT INTO `scmc_relation` VALUES (609, 609, 17, 5, 2);
INSERT INTO `scmc_relation` VALUES (610, 610, 3, 1, 1);
INSERT INTO `scmc_relation` VALUES (611, 611, 18, 5, 2);
INSERT INTO `scmc_relation` VALUES (612, 612, 9, 3, 1);
INSERT INTO `scmc_relation` VALUES (613, 613, 21, 7, 3);
INSERT INTO `scmc_relation` VALUES (614, 614, 26, 9, 3);
INSERT INTO `scmc_relation` VALUES (615, 615, 16, 5, 2);
INSERT INTO `scmc_relation` VALUES (616, 616, 16, 5, 2);
INSERT INTO `scmc_relation` VALUES (617, 617, 23, 8, 3);
INSERT INTO `scmc_relation` VALUES (618, 618, 17, 5, 2);
INSERT INTO `scmc_relation` VALUES (619, 619, 3, 1, 1);
INSERT INTO `scmc_relation` VALUES (620, 620, 16, 5, 2);
INSERT INTO `scmc_relation` VALUES (621, 621, 14, 6, 2);
INSERT INTO `scmc_relation` VALUES (622, 622, 19, 7, 3);
INSERT INTO `scmc_relation` VALUES (623, 623, 13, 6, 2);
INSERT INTO `scmc_relation` VALUES (624, 624, 20, 7, 3);
INSERT INTO `scmc_relation` VALUES (625, 625, 11, 4, 2);
INSERT INTO `scmc_relation` VALUES (626, 626, 18, 5, 2);
INSERT INTO `scmc_relation` VALUES (627, 627, 4, 2, 1);
INSERT INTO `scmc_relation` VALUES (628, 628, 11, 4, 2);
INSERT INTO `scmc_relation` VALUES (629, 629, 1, 1, 1);
INSERT INTO `scmc_relation` VALUES (630, 630, 7, 3, 1);
INSERT INTO `scmc_relation` VALUES (631, 631, 27, 9, 3);
INSERT INTO `scmc_relation` VALUES (632, 632, 26, 9, 3);
INSERT INTO `scmc_relation` VALUES (633, 633, 21, 7, 3);
INSERT INTO `scmc_relation` VALUES (634, 634, 12, 4, 2);
INSERT INTO `scmc_relation` VALUES (635, 635, 23, 8, 3);
INSERT INTO `scmc_relation` VALUES (636, 636, 25, 9, 3);
INSERT INTO `scmc_relation` VALUES (637, 637, 20, 7, 3);
INSERT INTO `scmc_relation` VALUES (638, 638, 14, 6, 2);
INSERT INTO `scmc_relation` VALUES (639, 639, 23, 8, 3);
INSERT INTO `scmc_relation` VALUES (640, 640, 6, 2, 1);
INSERT INTO `scmc_relation` VALUES (641, 641, 9, 3, 1);
INSERT INTO `scmc_relation` VALUES (642, 642, 18, 5, 2);
INSERT INTO `scmc_relation` VALUES (643, 643, 16, 5, 2);
INSERT INTO `scmc_relation` VALUES (644, 644, 25, 9, 3);
INSERT INTO `scmc_relation` VALUES (645, 645, 27, 9, 3);
INSERT INTO `scmc_relation` VALUES (646, 646, 11, 4, 2);
INSERT INTO `scmc_relation` VALUES (647, 647, 17, 5, 2);
INSERT INTO `scmc_relation` VALUES (648, 648, 18, 5, 2);
INSERT INTO `scmc_relation` VALUES (649, 649, 4, 2, 1);
INSERT INTO `scmc_relation` VALUES (650, 650, 26, 9, 3);
INSERT INTO `scmc_relation` VALUES (651, 651, 18, 5, 2);
INSERT INTO `scmc_relation` VALUES (652, 652, 24, 8, 3);
INSERT INTO `scmc_relation` VALUES (653, 653, 16, 5, 2);
INSERT INTO `scmc_relation` VALUES (654, 654, 23, 8, 3);
INSERT INTO `scmc_relation` VALUES (655, 655, 27, 9, 3);
INSERT INTO `scmc_relation` VALUES (656, 656, 26, 9, 3);
INSERT INTO `scmc_relation` VALUES (657, 657, 23, 8, 3);
INSERT INTO `scmc_relation` VALUES (658, 658, 23, 8, 3);
INSERT INTO `scmc_relation` VALUES (659, 659, 26, 9, 3);
INSERT INTO `scmc_relation` VALUES (660, 660, 24, 8, 3);
INSERT INTO `scmc_relation` VALUES (661, 661, 22, 8, 3);
INSERT INTO `scmc_relation` VALUES (662, 662, 23, 8, 3);
INSERT INTO `scmc_relation` VALUES (663, 663, 8, 3, 1);
INSERT INTO `scmc_relation` VALUES (664, 664, 11, 4, 2);
INSERT INTO `scmc_relation` VALUES (665, 665, 14, 6, 2);
INSERT INTO `scmc_relation` VALUES (666, 666, 6, 2, 1);
INSERT INTO `scmc_relation` VALUES (667, 667, 23, 8, 3);
INSERT INTO `scmc_relation` VALUES (668, 668, 18, 5, 2);
INSERT INTO `scmc_relation` VALUES (669, 669, 3, 1, 1);
INSERT INTO `scmc_relation` VALUES (670, 670, 7, 3, 1);
INSERT INTO `scmc_relation` VALUES (671, 671, 11, 4, 2);
INSERT INTO `scmc_relation` VALUES (672, 672, 2, 1, 1);
INSERT INTO `scmc_relation` VALUES (673, 673, 15, 6, 2);
INSERT INTO `scmc_relation` VALUES (674, 674, 13, 6, 2);
INSERT INTO `scmc_relation` VALUES (675, 675, 10, 4, 2);
INSERT INTO `scmc_relation` VALUES (676, 676, 1, 1, 1);
INSERT INTO `scmc_relation` VALUES (677, 677, 3, 1, 1);
INSERT INTO `scmc_relation` VALUES (678, 678, 1, 1, 1);
INSERT INTO `scmc_relation` VALUES (679, 679, 21, 7, 3);
INSERT INTO `scmc_relation` VALUES (680, 680, 9, 3, 1);
INSERT INTO `scmc_relation` VALUES (681, 681, 22, 8, 3);
INSERT INTO `scmc_relation` VALUES (682, 682, 4, 2, 1);
INSERT INTO `scmc_relation` VALUES (683, 683, 4, 2, 1);
INSERT INTO `scmc_relation` VALUES (684, 684, 16, 5, 2);
INSERT INTO `scmc_relation` VALUES (685, 685, 21, 7, 3);
INSERT INTO `scmc_relation` VALUES (686, 686, 25, 9, 3);
INSERT INTO `scmc_relation` VALUES (687, 687, 7, 3, 1);
INSERT INTO `scmc_relation` VALUES (688, 688, 3, 1, 1);
INSERT INTO `scmc_relation` VALUES (689, 689, 22, 8, 3);
INSERT INTO `scmc_relation` VALUES (690, 690, 4, 2, 1);
INSERT INTO `scmc_relation` VALUES (691, 691, 13, 6, 2);
INSERT INTO `scmc_relation` VALUES (692, 692, 17, 5, 2);
INSERT INTO `scmc_relation` VALUES (693, 693, 24, 8, 3);
INSERT INTO `scmc_relation` VALUES (694, 694, 15, 6, 2);
INSERT INTO `scmc_relation` VALUES (695, 695, 3, 1, 1);
INSERT INTO `scmc_relation` VALUES (696, 696, 1, 1, 1);
INSERT INTO `scmc_relation` VALUES (697, 697, 21, 7, 3);
INSERT INTO `scmc_relation` VALUES (698, 698, 21, 7, 3);
INSERT INTO `scmc_relation` VALUES (699, 699, 8, 3, 1);
INSERT INTO `scmc_relation` VALUES (700, 700, 19, 7, 3);
INSERT INTO `scmc_relation` VALUES (701, 701, 13, 6, 2);

-- ----------------------------
-- Table structure for student
-- ----------------------------
DROP TABLE IF EXISTS `student`;
CREATE TABLE `student`  (
  `student_id` int(11) NOT NULL AUTO_INCREMENT COMMENT 'ID，逐渐，自增',
  `student_code` varchar(13) CHARACTER SET utf8 COLLATE utf8_general_ci NOT NULL COMMENT '学号',
  `student_name` varchar(13) CHARACTER SET utf8 COLLATE utf8_general_ci NOT NULL COMMENT '名字',
  `student_gender` varchar(1) CHARACTER SET utf8 COLLATE utf8_general_ci NOT NULL COMMENT '性别',
  `student_tel` varchar(13) CHARACTER SET utf8 COLLATE utf8_general_ci NULL DEFAULT NULL COMMENT '电话号码',
  `student_remark` text CHARACTER SET utf8 COLLATE utf8_general_ci NULL COMMENT '备注',
  `student_joined_time` timestamp(0) NOT NULL DEFAULT CURRENT_TIMESTAMP COMMENT '入学时间',
  `student_updated_time` timestamp(0) NULL DEFAULT NULL COMMENT '最近更新时间',
  `student_grade` varchar(255) CHARACTER SET utf8 COLLATE utf8_general_ci NULL DEFAULT NULL COMMENT '所属年级',
  PRIMARY KEY (`student_id`) USING BTREE
) ENGINE = InnoDB AUTO_INCREMENT = 702 CHARACTER SET = utf8 COLLATE = utf8_general_ci ROW_FORMAT = Dynamic;

-- ----------------------------
-- Records of student
-- ----------------------------
INSERT INTO `student` VALUES (1, '20200001', '测试用学生账号', '男', '18277362571', '仅用于测试！', '2020-01-09 18:08:44', '2020-01-09 18:10:14', '2017');
INSERT INTO `student` VALUES (2, '20200002', '公幂', '男', '17897566849', NULL, '2020-01-09 06:10:47', NULL, '2020');
INSERT INTO `student` VALUES (3, '20200003', '敖晔炫', '女', '15106173199', NULL, '2020-01-09 06:10:47', NULL, '2020');
INSERT INTO `student` VALUES (4, '20200004', '佟以', '男', '17644100936', NULL, '2020-01-09 06:10:47', NULL, '2020');
INSERT INTO `student` VALUES (5, '20200005', '游次荔', '女', '13681516482', NULL, '2020-01-09 06:10:47', NULL, '2020');
INSERT INTO `student` VALUES (6, '20200006', '牛驱', '男', '15920752932', NULL, '2020-01-09 06:10:47', NULL, '2020');
INSERT INTO `student` VALUES (7, '20200007', '屠湉', '女', '17605157917', NULL, '2020-01-09 06:10:47', NULL, '2020');
INSERT INTO `student` VALUES (8, '20200008', '汝堇娟', '女', '17796527705', NULL, '2020-01-09 06:10:47', NULL, '2020');
INSERT INTO `student` VALUES (9, '20200009', '周译', '男', '19860221754', NULL, '2020-01-09 06:10:47', NULL, '2020');
INSERT INTO `student` VALUES (10, '20200010', '郭早声', '女', '15005894801', NULL, '2020-01-09 06:10:47', NULL, '2020');
INSERT INTO `student` VALUES (11, '20200011', '谯拒全', '女', '15626530648', NULL, '2020-01-09 06:10:47', NULL, '2020');
INSERT INTO `student` VALUES (12, '20200012', '席桃藜', '女', '18120783172', NULL, '2020-01-09 06:10:47', NULL, '2020');
INSERT INTO `student` VALUES (13, '20200013', '闻人则', '男', '15051795104', NULL, '2020-01-09 06:10:47', NULL, '2020');
INSERT INTO `student` VALUES (14, '20200014', '羊舌隐冀', '男', '14776099417', NULL, '2020-01-09 06:10:47', NULL, '2020');
INSERT INTO `student` VALUES (15, '20200015', '邢粮', '男', '18014241319', NULL, '2020-01-09 06:10:48', NULL, '2020');
INSERT INTO `student` VALUES (16, '20200016', '公方', '女', '13839104752', NULL, '2020-01-09 06:10:48', NULL, '2020');
INSERT INTO `student` VALUES (17, '20200017', '虞粉朋', '女', '15625932515', NULL, '2020-01-09 06:10:48', NULL, '2020');
INSERT INTO `student` VALUES (18, '20200018', '梁兰', '男', '15874497620', NULL, '2020-01-09 06:10:48', NULL, '2020');
INSERT INTO `student` VALUES (19, '20200019', '古元岑', '男', '13221904818', NULL, '2020-01-09 06:10:48', NULL, '2020');
INSERT INTO `student` VALUES (20, '20200020', '贾渲', '女', '19157352646', NULL, '2020-01-09 06:10:48', NULL, '2020');
INSERT INTO `student` VALUES (21, '20200021', '宰倾恬', '男', '15066444781', NULL, '2020-01-09 06:10:48', NULL, '2020');
INSERT INTO `student` VALUES (22, '20200022', '胥进', '男', '13693312046', NULL, '2020-01-09 06:10:48', NULL, '2020');
INSERT INTO `student` VALUES (23, '20200023', '于囡麦', '男', '15972152376', NULL, '2020-01-09 06:10:48', NULL, '2020');
INSERT INTO `student` VALUES (24, '20200024', '江夏想', '男', '18985288613', NULL, '2020-01-09 06:10:48', NULL, '2020');
INSERT INTO `student` VALUES (25, '20200025', '都汐悦', '男', '18336439914', NULL, '2020-01-09 06:10:48', NULL, '2020');
INSERT INTO `student` VALUES (26, '20200026', '索宅坝', '女', '18119941445', NULL, '2020-01-09 06:10:48', NULL, '2020');
INSERT INTO `student` VALUES (27, '20200027', '法熙晟', '男', '19996512045', NULL, '2020-01-09 06:10:48', NULL, '2020');
INSERT INTO `student` VALUES (28, '20200028', '公羊漫懈', '女', '17609514768', NULL, '2020-01-09 06:10:48', NULL, '2020');
INSERT INTO `student` VALUES (29, '20200029', '壤驷祤柏', '男', '17632439114', NULL, '2020-01-09 06:10:48', NULL, '2020');
INSERT INTO `student` VALUES (30, '20200030', '瞿睿', '男', '15259133074', NULL, '2020-01-09 06:10:48', NULL, '2020');
INSERT INTO `student` VALUES (31, '20200031', '幸颀', '男', '17245052304', NULL, '2020-01-09 06:10:48', NULL, '2020');
INSERT INTO `student` VALUES (32, '20200032', '堵晖歆', '女', '15220270835', NULL, '2020-01-09 06:10:48', NULL, '2020');
INSERT INTO `student` VALUES (33, '20200033', '汝方俐', '女', '17889084298', NULL, '2020-01-09 06:10:48', NULL, '2020');
INSERT INTO `student` VALUES (34, '20200034', '芮豆', '男', '18940898511', NULL, '2020-01-09 06:10:48', NULL, '2020');
INSERT INTO `student` VALUES (35, '20200035', '巫帘', '男', '16633954316', NULL, '2020-01-09 06:10:48', NULL, '2020');
INSERT INTO `student` VALUES (36, '20200036', '胥俩穗', '女', '18121783410', NULL, '2020-01-09 06:10:48', NULL, '2020');
INSERT INTO `student` VALUES (37, '20200037', '魏媚', '男', '13519493765', NULL, '2020-01-09 06:10:48', NULL, '2020');
INSERT INTO `student` VALUES (38, '20200038', '糜娅', '男', '19361798811', NULL, '2020-01-09 06:10:48', NULL, '2020');
INSERT INTO `student` VALUES (39, '20200039', '陈峡', '男', '14737257181', NULL, '2020-01-09 06:10:48', NULL, '2020');
INSERT INTO `student` VALUES (40, '20200040', '糜隆佟', '男', '19870120116', NULL, '2020-01-09 06:10:48', NULL, '2020');
INSERT INTO `student` VALUES (41, '20200041', '太叔莤', '女', '18488266948', NULL, '2020-01-09 06:10:48', NULL, '2020');
INSERT INTO `student` VALUES (42, '20200042', '项仪隽', '男', '17270316873', NULL, '2020-01-09 06:10:48', NULL, '2020');
INSERT INTO `student` VALUES (43, '20200043', '廉夫', '男', '13031317746', NULL, '2020-01-09 06:10:48', NULL, '2020');
INSERT INTO `student` VALUES (44, '20200044', '麻菊墨', '女', '19884831799', NULL, '2020-01-09 06:10:48', NULL, '2020');
INSERT INTO `student` VALUES (45, '20200045', '褚盛', '男', '15009240499', NULL, '2020-01-09 06:10:49', NULL, '2020');
INSERT INTO `student` VALUES (46, '20200046', '终雯网', '男', '13657029105', NULL, '2020-01-09 06:10:49', NULL, '2020');
INSERT INTO `student` VALUES (47, '20200047', '归像', '女', '13523265963', NULL, '2020-01-09 06:10:49', NULL, '2020');
INSERT INTO `student` VALUES (48, '20200048', '贲组陶', '男', '17320585334', NULL, '2020-01-09 06:10:49', NULL, '2020');
INSERT INTO `student` VALUES (49, '20200049', '吉常辉', '女', '13885668946', NULL, '2020-01-09 06:10:49', NULL, '2020');
INSERT INTO `student` VALUES (50, '20200050', '利镔', '男', '19988563751', NULL, '2020-01-09 06:10:49', NULL, '2020');
INSERT INTO `student` VALUES (51, '20200051', '江博', '男', '13813202929', NULL, '2020-01-09 06:10:49', NULL, '2020');
INSERT INTO `student` VALUES (52, '20200052', '养森', '男', '19189513357', NULL, '2020-01-09 06:10:49', NULL, '2020');
INSERT INTO `student` VALUES (53, '20200053', '乌斯丝', '女', '17233744171', NULL, '2020-01-09 06:10:49', NULL, '2020');
INSERT INTO `student` VALUES (54, '20200054', '阮碧', '男', '15941171770', NULL, '2020-01-09 06:10:49', NULL, '2020');
INSERT INTO `student` VALUES (55, '20200055', '赖首晗', '男', '18102711925', NULL, '2020-01-09 06:10:49', NULL, '2020');
INSERT INTO `student` VALUES (56, '20200056', '别恩韶', '男', '13532730503', NULL, '2020-01-09 06:10:49', NULL, '2020');
INSERT INTO `student` VALUES (57, '20200057', '卫铧', '男', '17788843022', NULL, '2020-01-09 06:10:49', NULL, '2020');
INSERT INTO `student` VALUES (58, '20200058', '李涅', '男', '15942390267', NULL, '2020-01-09 06:10:49', NULL, '2020');
INSERT INTO `student` VALUES (59, '20200059', '邵俊', '男', '15135046362', NULL, '2020-01-09 06:10:49', NULL, '2020');
INSERT INTO `student` VALUES (60, '20200060', '桑炽蜜', '女', '15637828481', NULL, '2020-01-09 06:10:49', NULL, '2020');
INSERT INTO `student` VALUES (61, '20200061', '沈帻罡', '男', '13931171486', NULL, '2020-01-09 06:10:49', NULL, '2020');
INSERT INTO `student` VALUES (62, '20200062', '于丁滢', '女', '19334590671', NULL, '2020-01-09 06:10:49', NULL, '2020');
INSERT INTO `student` VALUES (63, '20200063', '江冀拢', '男', '13523404630', NULL, '2020-01-09 06:10:49', NULL, '2020');
INSERT INTO `student` VALUES (64, '20200064', '桂衡', '男', '13805575435', NULL, '2020-01-09 06:10:49', NULL, '2020');
INSERT INTO `student` VALUES (65, '20200065', '国宠', '女', '18296513776', NULL, '2020-01-09 06:10:49', NULL, '2020');
INSERT INTO `student` VALUES (66, '20200066', '屠宇琪', '男', '18040101171', NULL, '2020-01-09 06:10:49', NULL, '2020');
INSERT INTO `student` VALUES (67, '20200067', '甄兔', '女', '15723324044', NULL, '2020-01-09 06:10:49', NULL, '2020');
INSERT INTO `student` VALUES (68, '20200068', '康枷', '女', '17233173295', NULL, '2020-01-09 06:10:49', NULL, '2020');
INSERT INTO `student` VALUES (69, '20200069', '何惠茶', '女', '18880235758', NULL, '2020-01-09 06:10:49', NULL, '2020');
INSERT INTO `student` VALUES (70, '20200070', '易强芬', '女', '15347050933', NULL, '2020-01-09 06:10:49', NULL, '2020');
INSERT INTO `student` VALUES (71, '20200071', '涂柯', '男', '18221686738', NULL, '2020-01-09 06:10:49', NULL, '2020');
INSERT INTO `student` VALUES (72, '20200072', '赏刷畿', '女', '13707594937', NULL, '2020-01-09 06:10:49', NULL, '2020');
INSERT INTO `student` VALUES (73, '20200073', '阮洽', '男', '13569702293', NULL, '2020-01-09 06:10:49', NULL, '2020');
INSERT INTO `student` VALUES (74, '20200074', '焦影吉', '女', '18991818916', NULL, '2020-01-09 06:10:49', NULL, '2020');
INSERT INTO `student` VALUES (75, '20200075', '滑运', '女', '15935894046', NULL, '2020-01-09 06:10:49', NULL, '2020');
INSERT INTO `student` VALUES (76, '20200076', '丰韵', '男', '14727782852', NULL, '2020-01-09 06:10:49', NULL, '2020');
INSERT INTO `student` VALUES (77, '20200077', '高慕浈', '男', '15975673401', NULL, '2020-01-09 06:10:50', NULL, '2020');
INSERT INTO `student` VALUES (78, '20200078', '充捷凝', '男', '15303375841', NULL, '2020-01-09 06:10:50', NULL, '2020');
INSERT INTO `student` VALUES (79, '20200079', '纪落', '女', '16631626605', NULL, '2020-01-09 06:10:50', NULL, '2020');
INSERT INTO `student` VALUES (80, '20200080', '简姬琵', '女', '18917584559', NULL, '2020-01-09 06:10:50', NULL, '2020');
INSERT INTO `student` VALUES (81, '20200081', '符斓', '男', '18362126044', NULL, '2020-01-09 06:10:50', NULL, '2020');
INSERT INTO `student` VALUES (82, '20200082', '蒲寰', '男', '18906890268', NULL, '2020-01-09 06:10:50', NULL, '2020');
INSERT INTO `student` VALUES (83, '20200083', '臧嫣', '男', '15623288949', NULL, '2020-01-09 06:10:50', NULL, '2020');
INSERT INTO `student` VALUES (84, '20200084', '夏了维', '男', '15969475093', NULL, '2020-01-09 06:10:50', NULL, '2020');
INSERT INTO `student` VALUES (85, '20200085', '钱芪', '男', '17324695463', NULL, '2020-01-09 06:10:50', NULL, '2020');
INSERT INTO `student` VALUES (86, '20200086', '文方', '女', '17219386019', NULL, '2020-01-09 06:10:50', NULL, '2020');
INSERT INTO `student` VALUES (87, '20200087', '夹谷宏', '男', '16614171971', NULL, '2020-01-09 06:10:50', NULL, '2020');
INSERT INTO `student` VALUES (88, '20200088', '陆曼', '男', '15617747281', NULL, '2020-01-09 06:10:50', NULL, '2020');
INSERT INTO `student` VALUES (89, '20200089', '亢苡泳', '男', '13797571493', NULL, '2020-01-09 06:10:50', NULL, '2020');
INSERT INTO `student` VALUES (90, '20200090', '施展帝', '男', '16622301720', NULL, '2020-01-09 06:10:50', NULL, '2020');
INSERT INTO `student` VALUES (91, '20200091', '应霜', '女', '13754223489', NULL, '2020-01-09 06:10:50', NULL, '2020');
INSERT INTO `student` VALUES (92, '20200092', '墨峙杨', '男', '17262815260', NULL, '2020-01-09 06:10:50', NULL, '2020');
INSERT INTO `student` VALUES (93, '20200093', '居凡雯', '男', '18769038818', NULL, '2020-01-09 06:10:50', NULL, '2020');
INSERT INTO `student` VALUES (94, '20200094', '潘文', '女', '13206202001', NULL, '2020-01-09 06:10:50', NULL, '2020');
INSERT INTO `student` VALUES (95, '20200095', '东门珂琦', '女', '15141537466', NULL, '2020-01-09 06:10:50', NULL, '2020');
INSERT INTO `student` VALUES (96, '20200096', '宁维纹', '女', '18211563322', NULL, '2020-01-09 06:10:50', NULL, '2020');
INSERT INTO `student` VALUES (97, '20200097', '赖帻', '男', '17764455114', NULL, '2020-01-09 06:10:50', NULL, '2020');
INSERT INTO `student` VALUES (98, '20200098', '谷阌', '女', '19875703116', NULL, '2020-01-09 06:10:50', NULL, '2020');
INSERT INTO `student` VALUES (99, '20200099', '庞銮顺', '男', '17333448926', NULL, '2020-01-09 06:10:50', NULL, '2020');
INSERT INTO `student` VALUES (100, '20200100', '孔化智', '男', '18350590246', NULL, '2020-01-09 06:10:50', NULL, '2020');
INSERT INTO `student` VALUES (101, '20200101', '徐轴', '女', '13960374427', NULL, '2020-01-09 06:10:50', NULL, '2020');
INSERT INTO `student` VALUES (102, '20200102', '罗尼', '男', '15829855279', NULL, '2020-01-09 06:10:50', NULL, '2020');
INSERT INTO `student` VALUES (103, '20200103', '毛鳗贾', '女', '18583888973', NULL, '2020-01-09 06:10:50', NULL, '2020');
INSERT INTO `student` VALUES (104, '20200104', '钮洪', '男', '17678719695', NULL, '2020-01-09 06:10:50', NULL, '2020');
INSERT INTO `student` VALUES (105, '20200105', '宓言昂', '男', '18112680536', NULL, '2020-01-09 06:10:50', NULL, '2020');
INSERT INTO `student` VALUES (106, '20200106', '茅玫', '男', '15562242850', NULL, '2020-01-09 06:10:50', NULL, '2020');
INSERT INTO `student` VALUES (107, '20200107', '仲孙韶杰', '男', '13697713907', NULL, '2020-01-09 06:10:50', NULL, '2020');
INSERT INTO `student` VALUES (108, '20200108', '柯体徽', '男', '17706733660', NULL, '2020-01-09 06:10:50', NULL, '2020');
INSERT INTO `student` VALUES (109, '20200109', '康婧菡', '女', '17223339184', NULL, '2020-01-09 06:10:51', NULL, '2020');
INSERT INTO `student` VALUES (110, '20200110', '俞凤', '女', '18576206248', NULL, '2020-01-09 06:10:51', NULL, '2020');
INSERT INTO `student` VALUES (111, '20200111', '汝琪', '男', '16698320931', NULL, '2020-01-09 06:10:51', NULL, '2020');
INSERT INTO `student` VALUES (112, '20200112', '仲孙六未', '女', '18425855496', NULL, '2020-01-09 06:10:51', NULL, '2020');
INSERT INTO `student` VALUES (113, '20200113', '司徒迎', '男', '15919348806', NULL, '2020-01-09 06:10:51', NULL, '2020');
INSERT INTO `student` VALUES (114, '20200114', '管川琦', '男', '15063008204', NULL, '2020-01-09 06:10:51', NULL, '2020');
INSERT INTO `student` VALUES (115, '20200115', '干海皂', '女', '13701191951', NULL, '2020-01-09 06:10:51', NULL, '2020');
INSERT INTO `student` VALUES (116, '20200116', '司莉', '男', '18397712831', NULL, '2020-01-09 06:10:51', NULL, '2020');
INSERT INTO `student` VALUES (117, '20200117', '卓鱼未', '男', '13702459319', NULL, '2020-01-09 06:10:51', NULL, '2020');
INSERT INTO `student` VALUES (118, '20200118', '宗省雷', '男', '17762718246', NULL, '2020-01-09 06:10:51', NULL, '2020');
INSERT INTO `student` VALUES (119, '20200119', '耿笔萧', '男', '15117074669', NULL, '2020-01-09 06:10:51', NULL, '2020');
INSERT INTO `student` VALUES (120, '20200120', '毛藕讨', '女', '18386608208', NULL, '2020-01-09 06:10:51', NULL, '2020');
INSERT INTO `student` VALUES (121, '20200121', '东门岑', '男', '15177049255', NULL, '2020-01-09 06:10:51', NULL, '2020');
INSERT INTO `student` VALUES (122, '20200122', '边红邯', '女', '18748996080', NULL, '2020-01-09 06:10:51', NULL, '2020');
INSERT INTO `student` VALUES (123, '20200123', '利蕊芷', '女', '18920677673', NULL, '2020-01-09 06:10:51', NULL, '2020');
INSERT INTO `student` VALUES (124, '20200124', '空萩冬', '女', '16698281537', NULL, '2020-01-09 06:10:51', NULL, '2020');
INSERT INTO `student` VALUES (125, '20200125', '梁栽', '女', '18686484365', NULL, '2020-01-09 06:10:51', NULL, '2020');
INSERT INTO `student` VALUES (126, '20200126', '谈吟仰', '男', '15874086400', NULL, '2020-01-09 06:10:51', NULL, '2020');
INSERT INTO `student` VALUES (127, '20200127', '殳汐悦', '男', '13044508179', NULL, '2020-01-09 06:10:51', NULL, '2020');
INSERT INTO `student` VALUES (128, '20200128', '贾鎏肄', '男', '18924485814', NULL, '2020-01-09 06:10:51', NULL, '2020');
INSERT INTO `student` VALUES (129, '20200129', '关协其', '男', '13940514087', NULL, '2020-01-09 06:10:51', NULL, '2020');
INSERT INTO `student` VALUES (130, '20200130', '纪藻', '女', '13944493272', NULL, '2020-01-09 06:10:51', NULL, '2020');
INSERT INTO `student` VALUES (131, '20200131', '弓玮', '女', '19388639948', NULL, '2020-01-09 06:10:51', NULL, '2020');
INSERT INTO `student` VALUES (132, '20200132', '束骧', '男', '15505956458', NULL, '2020-01-09 06:10:51', NULL, '2020');
INSERT INTO `student` VALUES (133, '20200133', '纪晰', '男', '15254238319', NULL, '2020-01-09 06:10:51', NULL, '2020');
INSERT INTO `student` VALUES (134, '20200134', '齐嫂李', '女', '18544630626', NULL, '2020-01-09 06:10:51', NULL, '2020');
INSERT INTO `student` VALUES (135, '20200135', '弘隐磐', '女', '18286913930', NULL, '2020-01-09 06:10:51', NULL, '2020');
INSERT INTO `student` VALUES (136, '20200136', '公冶镶', '女', '18929150029', NULL, '2020-01-09 06:10:51', NULL, '2020');
INSERT INTO `student` VALUES (137, '20200137', '宓然', '女', '13508016345', NULL, '2020-01-09 06:10:51', NULL, '2020');
INSERT INTO `student` VALUES (138, '20200138', '佟伊', '女', '13875294882', NULL, '2020-01-09 06:10:51', NULL, '2020');
INSERT INTO `student` VALUES (139, '20200139', '仉稼沁', '女', '17523308755', NULL, '2020-01-09 06:10:51', NULL, '2020');
INSERT INTO `student` VALUES (140, '20200140', '皮飞欣', '女', '17546174805', NULL, '2020-01-09 06:10:52', NULL, '2020');
INSERT INTO `student` VALUES (141, '20200141', '禄囡', '女', '13150697202', NULL, '2020-01-09 06:10:52', NULL, '2020');
INSERT INTO `student` VALUES (142, '20200142', '法烨怀', '女', '18127001683', NULL, '2020-01-09 06:10:52', NULL, '2020');
INSERT INTO `student` VALUES (143, '20200143', '山枻炜', '女', '13601430944', NULL, '2020-01-09 06:10:52', NULL, '2020');
INSERT INTO `student` VALUES (144, '20200144', '郁丁宛', '男', '15214112301', NULL, '2020-01-09 06:10:52', NULL, '2020');
INSERT INTO `student` VALUES (145, '20200145', '向纤加', '女', '15957497227', NULL, '2020-01-09 06:10:52', NULL, '2020');
INSERT INTO `student` VALUES (146, '20200146', '东方朦', '男', '17651928045', NULL, '2020-01-09 06:10:52', NULL, '2020');
INSERT INTO `student` VALUES (147, '20200147', '富则淳', '女', '15295484027', NULL, '2020-01-09 06:10:52', NULL, '2020');
INSERT INTO `student` VALUES (148, '20200148', '杭笔', '男', '17832508960', NULL, '2020-01-09 06:10:52', NULL, '2020');
INSERT INTO `student` VALUES (149, '20200149', '东方旺画', '男', '18286738873', NULL, '2020-01-09 06:10:52', NULL, '2020');
INSERT INTO `student` VALUES (150, '20200150', '金全琅', '女', '15828464558', NULL, '2020-01-09 06:10:52', NULL, '2020');
INSERT INTO `student` VALUES (151, '20200151', '秋樽骐', '男', '17676041700', NULL, '2020-01-09 06:10:52', NULL, '2020');
INSERT INTO `student` VALUES (152, '20200152', '严歆', '女', '13635630539', NULL, '2020-01-09 06:10:52', NULL, '2020');
INSERT INTO `student` VALUES (153, '20200153', '向双', '男', '19313273610', NULL, '2020-01-09 06:10:52', NULL, '2020');
INSERT INTO `student` VALUES (154, '20200154', '白鱼', '女', '18485238402', NULL, '2020-01-09 06:10:52', NULL, '2020');
INSERT INTO `student` VALUES (155, '20200155', '许云硕', '男', '17262587382', NULL, '2020-01-09 06:10:52', NULL, '2020');
INSERT INTO `student` VALUES (156, '20200156', '楚骏珀', '女', '18784413337', NULL, '2020-01-09 06:10:52', NULL, '2020');
INSERT INTO `student` VALUES (157, '20200157', '闫亿喧', '男', '13072928075', NULL, '2020-01-09 06:10:52', NULL, '2020');
INSERT INTO `student` VALUES (158, '20200158', '牟焦', '男', '16625920278', NULL, '2020-01-09 06:10:52', NULL, '2020');
INSERT INTO `student` VALUES (159, '20200159', '浦西东', '女', '14780003135', NULL, '2020-01-09 06:10:52', NULL, '2020');
INSERT INTO `student` VALUES (160, '20200160', '荆朱', '男', '18865442430', NULL, '2020-01-09 06:10:52', NULL, '2020');
INSERT INTO `student` VALUES (161, '20200161', '詹帜', '男', '17657539317', NULL, '2020-01-09 06:10:52', NULL, '2020');
INSERT INTO `student` VALUES (162, '20200162', '傅鼐', '男', '17899113999', NULL, '2020-01-09 06:10:52', NULL, '2020');
INSERT INTO `student` VALUES (163, '20200163', '芮叶', '女', '13886281068', NULL, '2020-01-09 06:10:52', NULL, '2020');
INSERT INTO `student` VALUES (164, '20200164', '伊泄茵', '女', '13299350193', NULL, '2020-01-09 06:10:52', NULL, '2020');
INSERT INTO `student` VALUES (165, '20200165', '钭览', '男', '13121657353', NULL, '2020-01-09 06:10:52', NULL, '2020');
INSERT INTO `student` VALUES (166, '20200166', '公冶迪', '男', '13123347738', NULL, '2020-01-09 06:10:52', NULL, '2020');
INSERT INTO `student` VALUES (167, '20200167', '隗怡', '女', '15221651598', NULL, '2020-01-09 06:10:52', NULL, '2020');
INSERT INTO `student` VALUES (168, '20200168', '年鐾', '女', '17358590708', NULL, '2020-01-09 06:10:52', NULL, '2020');
INSERT INTO `student` VALUES (169, '20200169', '归亮皈', '女', '15166006321', NULL, '2020-01-09 06:10:52', NULL, '2020');
INSERT INTO `student` VALUES (170, '20200170', '董殷易', '女', '18256975681', NULL, '2020-01-09 06:10:52', NULL, '2020');
INSERT INTO `student` VALUES (171, '20200171', '鱼隽田', '男', '19124118839', NULL, '2020-01-09 06:10:52', NULL, '2020');
INSERT INTO `student` VALUES (172, '20200172', '牧苗', '男', '17702096181', NULL, '2020-01-09 06:10:52', NULL, '2020');
INSERT INTO `student` VALUES (173, '20200173', '蒲祈踊', '男', '15796046967', NULL, '2020-01-09 06:10:53', NULL, '2020');
INSERT INTO `student` VALUES (174, '20200174', '公冶烆', '男', '15794291059', NULL, '2020-01-09 06:10:53', NULL, '2020');
INSERT INTO `student` VALUES (175, '20200175', '乐正奠郢', '男', '13131646395', NULL, '2020-01-09 06:10:53', NULL, '2020');
INSERT INTO `student` VALUES (176, '20200176', '邬燚音', '女', '15034613386', NULL, '2020-01-09 06:10:53', NULL, '2020');
INSERT INTO `student` VALUES (177, '20200177', '水峙雟', '女', '18155652943', NULL, '2020-01-09 06:10:53', NULL, '2020');
INSERT INTO `student` VALUES (178, '20200178', '帅奇义', '女', '19386140483', NULL, '2020-01-09 06:10:53', NULL, '2020');
INSERT INTO `student` VALUES (179, '20200179', '邴淩', '男', '18032647898', NULL, '2020-01-09 06:10:53', NULL, '2020');
INSERT INTO `student` VALUES (180, '20200180', '乐妊', '女', '13079017637', NULL, '2020-01-09 06:10:53', NULL, '2020');
INSERT INTO `student` VALUES (181, '20200181', '从兰齐', '女', '17881222215', NULL, '2020-01-09 06:10:53', NULL, '2020');
INSERT INTO `student` VALUES (182, '20200182', '燕涵晰', '女', '16643339575', NULL, '2020-01-09 06:10:53', NULL, '2020');
INSERT INTO `student` VALUES (183, '20200183', '马寒蕊', '女', '18480061377', NULL, '2020-01-09 06:10:53', NULL, '2020');
INSERT INTO `student` VALUES (184, '20200184', '益歌晋', '女', '16657924770', NULL, '2020-01-09 06:10:53', NULL, '2020');
INSERT INTO `student` VALUES (185, '20200185', '古烟崴', '女', '18577546467', NULL, '2020-01-09 06:10:53', NULL, '2020');
INSERT INTO `student` VALUES (186, '20200186', '公谕', '女', '13753616880', NULL, '2020-01-09 06:10:53', NULL, '2020');
INSERT INTO `student` VALUES (187, '20200187', '卓倪偌', '男', '17647867248', NULL, '2020-01-09 06:10:53', NULL, '2020');
INSERT INTO `student` VALUES (188, '20200188', '陶宠', '女', '19827516733', NULL, '2020-01-09 06:10:53', NULL, '2020');
INSERT INTO `student` VALUES (189, '20200189', '元茹', '女', '18292322618', NULL, '2020-01-09 06:10:53', NULL, '2020');
INSERT INTO `student` VALUES (190, '20200190', '查崇颢', '男', '18583442199', NULL, '2020-01-09 06:10:53', NULL, '2020');
INSERT INTO `student` VALUES (191, '20200191', '皇甫翁帷', '女', '15318109059', NULL, '2020-01-09 06:10:53', NULL, '2020');
INSERT INTO `student` VALUES (192, '20200192', '都什易', '男', '15215160862', NULL, '2020-01-09 06:10:53', NULL, '2020');
INSERT INTO `student` VALUES (193, '20200193', '陆锐家', '男', '18469832659', NULL, '2020-01-09 06:10:53', NULL, '2020');
INSERT INTO `student` VALUES (194, '20200194', '丁妃釉', '女', '13683650555', NULL, '2020-01-09 06:10:53', NULL, '2020');
INSERT INTO `student` VALUES (195, '20200195', '邱彩坎', '女', '15127913045', NULL, '2020-01-09 06:10:53', NULL, '2020');
INSERT INTO `student` VALUES (196, '20200196', '公良港', '男', '13800015397', NULL, '2020-01-09 06:10:53', NULL, '2020');
INSERT INTO `student` VALUES (197, '20200197', '薄睆沛', '女', '16609823150', NULL, '2020-01-09 06:10:53', NULL, '2020');
INSERT INTO `student` VALUES (198, '20200198', '宰父挈', '女', '13089655726', NULL, '2020-01-09 06:10:53', NULL, '2020');
INSERT INTO `student` VALUES (199, '20200199', '广勖丰', '男', '13069461888', NULL, '2020-01-09 06:10:53', NULL, '2020');
INSERT INTO `student` VALUES (200, '20200200', '仰洁', '男', '13050660992', NULL, '2020-01-09 06:10:53', NULL, '2020');
INSERT INTO `student` VALUES (201, '20200201', '穀梁梦', '男', '13722986727', NULL, '2020-01-09 06:10:53', NULL, '2020');
INSERT INTO `student` VALUES (202, '20200202', '端木鹏', '女', '13930130116', NULL, '2020-01-09 06:10:53', NULL, '2020');
INSERT INTO `student` VALUES (203, '20200203', '阎虹', '女', '17517225268', NULL, '2020-01-09 06:10:53', NULL, '2020');
INSERT INTO `student` VALUES (204, '20200204', '伍骥逻', '男', '13289482095', NULL, '2020-01-09 06:10:53', NULL, '2020');
INSERT INTO `student` VALUES (205, '20200205', '贺硕', '男', '15939095270', NULL, '2020-01-09 06:10:54', NULL, '2020');
INSERT INTO `student` VALUES (206, '20200206', '穆越丹', '男', '18890354610', NULL, '2020-01-09 06:10:54', NULL, '2020');
INSERT INTO `student` VALUES (207, '20200207', '仲甜迪', '男', '17642745603', NULL, '2020-01-09 06:10:54', NULL, '2020');
INSERT INTO `student` VALUES (208, '20200208', '窦姘', '女', '13684559925', NULL, '2020-01-09 06:10:54', NULL, '2020');
INSERT INTO `student` VALUES (209, '20200209', '长孙尧', '男', '13241754081', NULL, '2020-01-09 06:10:54', NULL, '2020');
INSERT INTO `student` VALUES (210, '20200210', '宁能薪', '男', '14775802244', NULL, '2020-01-09 06:10:54', NULL, '2020');
INSERT INTO `student` VALUES (211, '20200211', '桂嫡', '女', '13017558722', NULL, '2020-01-09 06:10:54', NULL, '2020');
INSERT INTO `student` VALUES (212, '20200212', '太叔芸', '女', '19957647231', NULL, '2020-01-09 06:10:54', NULL, '2020');
INSERT INTO `student` VALUES (213, '20200213', '家彦', '女', '13261701059', NULL, '2020-01-09 06:10:54', NULL, '2020');
INSERT INTO `student` VALUES (214, '20200214', '宦乘', '男', '15163355876', NULL, '2020-01-09 06:10:54', NULL, '2020');
INSERT INTO `student` VALUES (215, '20200215', '第五俅牌', '女', '17647015191', NULL, '2020-01-09 06:10:54', NULL, '2020');
INSERT INTO `student` VALUES (216, '20200216', '仇贻盼', '女', '18239232410', NULL, '2020-01-09 06:10:54', NULL, '2020');
INSERT INTO `student` VALUES (217, '20200217', '史室曲', '男', '18357487791', NULL, '2020-01-09 06:10:54', NULL, '2020');
INSERT INTO `student` VALUES (218, '20200218', '鬰培欢', '男', '13796128870', NULL, '2020-01-09 06:10:54', NULL, '2020');
INSERT INTO `student` VALUES (219, '20200219', '乐正益', '男', '15369029097', NULL, '2020-01-09 06:10:54', NULL, '2020');
INSERT INTO `student` VALUES (220, '20200220', '慎驿亿', '女', '13723245141', NULL, '2020-01-09 06:10:54', NULL, '2020');
INSERT INTO `student` VALUES (221, '20200221', '束潇', '男', '15213073600', NULL, '2020-01-09 06:10:54', NULL, '2020');
INSERT INTO `student` VALUES (222, '20200222', '仇藕讨', '女', '15268873107', NULL, '2020-01-09 06:10:54', NULL, '2020');
INSERT INTO `student` VALUES (223, '20200223', '韦记礼', '男', '13601898402', NULL, '2020-01-09 06:10:54', NULL, '2020');
INSERT INTO `student` VALUES (224, '20200224', '芮浚妹', '男', '17776618713', NULL, '2020-01-09 06:10:54', NULL, '2020');
INSERT INTO `student` VALUES (225, '20200225', '郜憬释', '女', '17814813711', NULL, '2020-01-09 06:10:54', NULL, '2020');
INSERT INTO `student` VALUES (226, '20200226', '蔚蜜', '女', '13855246635', NULL, '2020-01-09 06:10:54', NULL, '2020');
INSERT INTO `student` VALUES (227, '20200227', '南门诩', '男', '18145080438', NULL, '2020-01-09 06:10:54', NULL, '2020');
INSERT INTO `student` VALUES (228, '20200228', '穆改凤', '女', '17752810070', NULL, '2020-01-09 06:10:54', NULL, '2020');
INSERT INTO `student` VALUES (229, '20200229', '钟乐', '男', '13259589294', NULL, '2020-01-09 06:10:54', NULL, '2020');
INSERT INTO `student` VALUES (230, '20200230', '凌硕', '男', '13036389138', NULL, '2020-01-09 06:10:54', NULL, '2020');
INSERT INTO `student` VALUES (231, '20200231', '狄芋璋', '男', '14732497830', NULL, '2020-01-09 06:10:54', NULL, '2020');
INSERT INTO `student` VALUES (232, '20200232', '井藕讨', '女', '15995687828', NULL, '2020-01-09 06:10:54', NULL, '2020');
INSERT INTO `student` VALUES (233, '20200233', '苍天', '男', '17653851141', NULL, '2020-01-09 06:10:54', NULL, '2020');
INSERT INTO `student` VALUES (234, '20200234', '辛恒', '男', '18788210050', NULL, '2020-01-09 06:10:54', NULL, '2020');
INSERT INTO `student` VALUES (235, '20200235', '蒙让绉', '男', '13636663984', NULL, '2020-01-09 06:10:54', NULL, '2020');
INSERT INTO `student` VALUES (236, '20200236', '贲烨', '男', '19905668841', NULL, '2020-01-09 06:10:54', NULL, '2020');
INSERT INTO `student` VALUES (237, '20200237', '嵇余沥', '男', '19917268153', NULL, '2020-01-09 06:10:54', NULL, '2020');
INSERT INTO `student` VALUES (238, '20200238', '司徒豪业', '男', '15175336028', NULL, '2020-01-09 06:10:55', NULL, '2020');
INSERT INTO `student` VALUES (239, '20200239', '韶祥昀', '男', '19891404568', NULL, '2020-01-09 06:10:55', NULL, '2020');
INSERT INTO `student` VALUES (240, '20200240', '魏棕星', '男', '17671260037', NULL, '2020-01-09 06:10:55', NULL, '2020');
INSERT INTO `student` VALUES (241, '20200241', '堵寰', '男', '15853127198', NULL, '2020-01-09 06:10:55', NULL, '2020');
INSERT INTO `student` VALUES (242, '20200242', '佟墉', '女', '18736045759', NULL, '2020-01-09 06:10:55', NULL, '2020');
INSERT INTO `student` VALUES (243, '20200243', '戎抹铎', '女', '15341151861', NULL, '2020-01-09 06:10:55', NULL, '2020');
INSERT INTO `student` VALUES (244, '20200244', '宗政请沄', '女', '15019361130', NULL, '2020-01-09 06:10:55', NULL, '2020');
INSERT INTO `student` VALUES (245, '20200245', '湛亦', '男', '17319200974', NULL, '2020-01-09 06:10:55', NULL, '2020');
INSERT INTO `student` VALUES (246, '20200246', '孔棋萍', '女', '15856611897', NULL, '2020-01-09 06:10:55', NULL, '2020');
INSERT INTO `student` VALUES (247, '20200247', '彭淼', '女', '19131715064', NULL, '2020-01-09 06:10:55', NULL, '2020');
INSERT INTO `student` VALUES (248, '20200248', '沃甲', '男', '18869020848', NULL, '2020-01-09 06:10:55', NULL, '2020');
INSERT INTO `student` VALUES (249, '20200249', '艾爽', '女', '17888878056', NULL, '2020-01-09 06:10:55', NULL, '2020');
INSERT INTO `student` VALUES (250, '20200250', '闵佐', '男', '18531427610', NULL, '2020-01-09 06:10:55', NULL, '2020');
INSERT INTO `student` VALUES (251, '20200251', '伯亦暖', '男', '17636719680', NULL, '2020-01-09 06:10:55', NULL, '2020');
INSERT INTO `student` VALUES (252, '20200252', '弓期', '女', '15546560297', NULL, '2020-01-09 06:10:55', NULL, '2020');
INSERT INTO `student` VALUES (253, '20200253', '璩千巫', '男', '13515379139', NULL, '2020-01-09 06:10:55', NULL, '2020');
INSERT INTO `student` VALUES (254, '20200254', '双朋宗', '男', '18298159010', NULL, '2020-01-09 06:10:55', NULL, '2020');
INSERT INTO `student` VALUES (255, '20200255', '艾尘登', '男', '18340865576', NULL, '2020-01-09 06:10:55', NULL, '2020');
INSERT INTO `student` VALUES (256, '20200256', '倪玲军', '女', '13975661553', NULL, '2020-01-09 06:10:55', NULL, '2020');
INSERT INTO `student` VALUES (257, '20200257', '冷莤', '女', '19907909798', NULL, '2020-01-09 06:10:55', NULL, '2020');
INSERT INTO `student` VALUES (258, '20200258', '伍诚', '男', '17367121397', NULL, '2020-01-09 06:10:55', NULL, '2020');
INSERT INTO `student` VALUES (259, '20200259', '宗尘登', '男', '13267133983', NULL, '2020-01-09 06:10:55', NULL, '2020');
INSERT INTO `student` VALUES (260, '20200260', '杭禳', '男', '18325849006', NULL, '2020-01-09 06:10:55', NULL, '2020');
INSERT INTO `student` VALUES (261, '20200261', '爱燚音', '女', '15922196558', NULL, '2020-01-09 06:10:55', NULL, '2020');
INSERT INTO `student` VALUES (262, '20200262', '鲍城', '女', '19911175323', NULL, '2020-01-09 06:10:55', NULL, '2020');
INSERT INTO `student` VALUES (263, '20200263', '季珣奎', '男', '18002492040', NULL, '2020-01-09 06:10:55', NULL, '2020');
INSERT INTO `student` VALUES (264, '20200264', '弘臻双', '男', '15648706432', NULL, '2020-01-09 06:10:55', NULL, '2020');
INSERT INTO `student` VALUES (265, '20200265', '谯敬', '男', '18158178976', NULL, '2020-01-09 06:10:55', NULL, '2020');
INSERT INTO `student` VALUES (266, '20200266', '苏漩汎', '女', '15650554937', NULL, '2020-01-09 06:10:55', NULL, '2020');
INSERT INTO `student` VALUES (267, '20200267', '柏乒', '女', '18469546389', NULL, '2020-01-09 06:10:55', NULL, '2020');
INSERT INTO `student` VALUES (268, '20200268', '颛孙彩坎', '女', '17621369806', NULL, '2020-01-09 06:10:55', NULL, '2020');
INSERT INTO `student` VALUES (269, '20200269', '杨虫', '女', '13245994021', NULL, '2020-01-09 06:10:56', NULL, '2020');
INSERT INTO `student` VALUES (270, '20200270', '沙京吴', '男', '18821520574', NULL, '2020-01-09 06:10:56', NULL, '2020');
INSERT INTO `student` VALUES (271, '20200271', '鲁品贤', '女', '17835519352', NULL, '2020-01-09 06:10:56', NULL, '2020');
INSERT INTO `student` VALUES (272, '20200272', '岳然若', '女', '18744576455', NULL, '2020-01-09 06:10:56', NULL, '2020');
INSERT INTO `student` VALUES (273, '20200273', '昝越', '男', '17713935310', NULL, '2020-01-09 06:10:56', NULL, '2020');
INSERT INTO `student` VALUES (274, '20200274', '杭洁湉', '女', '13547583766', NULL, '2020-01-09 06:10:56', NULL, '2020');
INSERT INTO `student` VALUES (275, '20200275', '左琰', '男', '17623720228', NULL, '2020-01-09 06:10:56', NULL, '2020');
INSERT INTO `student` VALUES (276, '20200276', '蒙玮绍', '男', '15807691592', NULL, '2020-01-09 06:10:56', NULL, '2020');
INSERT INTO `student` VALUES (277, '20200277', '庄绍含', '男', '15262729045', NULL, '2020-01-09 06:10:56', NULL, '2020');
INSERT INTO `student` VALUES (278, '20200278', '禄上晰', '男', '16688347066', NULL, '2020-01-09 06:10:56', NULL, '2020');
INSERT INTO `student` VALUES (279, '20200279', '司徒同玛', '女', '18425250139', NULL, '2020-01-09 06:10:56', NULL, '2020');
INSERT INTO `student` VALUES (280, '20200280', '冷则', '男', '15294497701', NULL, '2020-01-09 06:10:56', NULL, '2020');
INSERT INTO `student` VALUES (281, '20200281', '崔愉世', '女', '18289333024', NULL, '2020-01-09 06:10:56', NULL, '2020');
INSERT INTO `student` VALUES (282, '20200282', '钟离芷', '女', '17808356752', NULL, '2020-01-09 06:10:56', NULL, '2020');
INSERT INTO `student` VALUES (283, '20200283', '笪盛栋', '男', '13242908479', NULL, '2020-01-09 06:10:56', NULL, '2020');
INSERT INTO `student` VALUES (284, '20200284', '沃闰牧', '男', '19953899799', NULL, '2020-01-09 06:10:56', NULL, '2020');
INSERT INTO `student` VALUES (285, '20200285', '闾丘什', '男', '18948227224', NULL, '2020-01-09 06:10:56', NULL, '2020');
INSERT INTO `student` VALUES (286, '20200286', '岑敏分', '女', '13183246528', NULL, '2020-01-09 06:10:56', NULL, '2020');
INSERT INTO `student` VALUES (287, '20200287', '融炫', '男', '17598054186', NULL, '2020-01-09 06:10:56', NULL, '2020');
INSERT INTO `student` VALUES (288, '20200288', '钮煊圆', '女', '13940489463', NULL, '2020-01-09 06:10:56', NULL, '2020');
INSERT INTO `student` VALUES (289, '20200289', '向嫡铭', '女', '15025617159', NULL, '2020-01-09 06:10:56', NULL, '2020');
INSERT INTO `student` VALUES (290, '20200290', '伊洲', '男', '15863079821', NULL, '2020-01-09 06:10:56', NULL, '2020');
INSERT INTO `student` VALUES (291, '20200291', '司绮蓁', '女', '15698806480', NULL, '2020-01-09 06:10:56', NULL, '2020');
INSERT INTO `student` VALUES (292, '20200292', '蒯伊', '男', '13366491393', NULL, '2020-01-09 06:10:56', NULL, '2020');
INSERT INTO `student` VALUES (293, '20200293', '汤嫩', '女', '13124883813', NULL, '2020-01-09 06:10:56', NULL, '2020');
INSERT INTO `student` VALUES (294, '20200294', '昌祥昀', '男', '13147362826', NULL, '2020-01-09 06:10:56', NULL, '2020');
INSERT INTO `student` VALUES (295, '20200295', '夏侯颖', '女', '18687128397', NULL, '2020-01-09 06:10:56', NULL, '2020');
INSERT INTO `student` VALUES (296, '20200296', '房佳', '女', '15009414985', NULL, '2020-01-09 06:10:56', NULL, '2020');
INSERT INTO `student` VALUES (297, '20200297', '时穗常', '女', '17825522548', NULL, '2020-01-09 06:10:56', NULL, '2020');
INSERT INTO `student` VALUES (298, '20200298', '莫霓', '女', '18257880526', NULL, '2020-01-09 06:10:56', NULL, '2020');
INSERT INTO `student` VALUES (299, '20200299', '庾举', '男', '17271143630', NULL, '2020-01-09 06:10:56', NULL, '2020');
INSERT INTO `student` VALUES (300, '20200300', '谯荔唯', '女', '13320988346', NULL, '2020-01-09 06:10:57', NULL, '2020');
INSERT INTO `student` VALUES (301, '20200301', '袁邺非', '女', '13780645716', NULL, '2020-01-09 06:10:57', NULL, '2020');
INSERT INTO `student` VALUES (302, '20200302', '都然若', '女', '18266673016', NULL, '2020-01-09 06:10:57', NULL, '2020');
INSERT INTO `student` VALUES (303, '20200303', '龙佳鑫', '男', '15054603284', NULL, '2020-01-09 06:10:57', NULL, '2020');
INSERT INTO `student` VALUES (304, '20200304', '伯形', '男', '18912889130', NULL, '2020-01-09 06:10:57', NULL, '2020');
INSERT INTO `student` VALUES (305, '20200305', '喻茗美', '女', '13922789849', NULL, '2020-01-09 06:10:57', NULL, '2020');
INSERT INTO `student` VALUES (306, '20200306', '嵇笫', '女', '15341317547', NULL, '2020-01-09 06:10:57', NULL, '2020');
INSERT INTO `student` VALUES (307, '20200307', '西门琸续', '男', '19167572730', NULL, '2020-01-09 06:10:57', NULL, '2020');
INSERT INTO `student` VALUES (308, '20200308', '欧阳毕衔', '男', '18055378185', NULL, '2020-01-09 06:10:57', NULL, '2020');
INSERT INTO `student` VALUES (309, '20200309', '仉渤桢', '女', '17857415900', NULL, '2020-01-09 06:10:57', NULL, '2020');
INSERT INTO `student` VALUES (310, '20200310', '弘妍', '女', '18134221466', NULL, '2020-01-09 06:10:57', NULL, '2020');
INSERT INTO `student` VALUES (311, '20200311', '唐槟勇', '男', '15676259714', NULL, '2020-01-09 06:10:57', NULL, '2020');
INSERT INTO `student` VALUES (312, '20200312', '屠潞少', '女', '15694656492', NULL, '2020-01-09 06:10:57', NULL, '2020');
INSERT INTO `student` VALUES (313, '20200313', '申葛题', '男', '15113461373', NULL, '2020-01-09 06:10:57', NULL, '2020');
INSERT INTO `student` VALUES (314, '20200314', '窦骁', '女', '15992228433', NULL, '2020-01-09 06:10:57', NULL, '2020');
INSERT INTO `student` VALUES (315, '20200315', '寿钬望', '女', '15146052333', NULL, '2020-01-09 06:10:57', NULL, '2020');
INSERT INTO `student` VALUES (316, '20200316', '井雪', '男', '17512151208', NULL, '2020-01-09 06:10:57', NULL, '2020');
INSERT INTO `student` VALUES (317, '20200317', '明漩', '女', '17825261895', NULL, '2020-01-09 06:10:57', NULL, '2020');
INSERT INTO `student` VALUES (318, '20200318', '晏垄闰', '女', '17549337115', NULL, '2020-01-09 06:10:57', NULL, '2020');
INSERT INTO `student` VALUES (319, '20200319', '郑红邯', '女', '18324443337', NULL, '2020-01-09 06:10:57', NULL, '2020');
INSERT INTO `student` VALUES (320, '20200320', '缑绪得', '男', '18955100312', NULL, '2020-01-09 06:10:57', NULL, '2020');
INSERT INTO `student` VALUES (321, '20200321', '成蓝奕', '女', '16676579568', NULL, '2020-01-09 06:10:57', NULL, '2020');
INSERT INTO `student` VALUES (322, '20200322', '阙顺玺', '男', '15661428314', NULL, '2020-01-09 06:10:57', NULL, '2020');
INSERT INTO `student` VALUES (323, '20200323', '南宫揶', '女', '13877430619', NULL, '2020-01-09 06:10:57', NULL, '2020');
INSERT INTO `student` VALUES (324, '20200324', '徐政', '男', '13237035030', NULL, '2020-01-09 06:10:57', NULL, '2020');
INSERT INTO `student` VALUES (325, '20200325', '段干箐莺', '女', '13379445980', NULL, '2020-01-09 06:10:57', NULL, '2020');
INSERT INTO `student` VALUES (326, '20200326', '寿淳', '女', '18185224495', NULL, '2020-01-09 06:10:57', NULL, '2020');
INSERT INTO `student` VALUES (327, '20200327', '邢锈', '女', '15543429920', NULL, '2020-01-09 06:10:57', NULL, '2020');
INSERT INTO `student` VALUES (328, '20200328', '曹语', '女', '16632345481', NULL, '2020-01-09 06:10:57', NULL, '2020');
INSERT INTO `student` VALUES (329, '20200329', '邹昉弋', '女', '18308652531', NULL, '2020-01-09 06:10:57', NULL, '2020');
INSERT INTO `student` VALUES (330, '20200330', '赵菳筠', '男', '18919723204', NULL, '2020-01-09 06:10:58', NULL, '2020');
INSERT INTO `student` VALUES (331, '20200331', '房岐茁', '男', '14785937550', NULL, '2020-01-09 06:10:58', NULL, '2020');
INSERT INTO `student` VALUES (332, '20200332', '晋澜繁', '女', '14775434165', NULL, '2020-01-09 06:10:58', NULL, '2020');
INSERT INTO `student` VALUES (333, '20200333', '常楷', '男', '18352154992', NULL, '2020-01-09 06:10:58', NULL, '2020');
INSERT INTO `student` VALUES (334, '20200334', '孔鄃锻', '男', '17706760043', NULL, '2020-01-09 06:10:58', NULL, '2020');
INSERT INTO `student` VALUES (335, '20200335', '秦轲', '女', '17766952048', NULL, '2020-01-09 06:10:58', NULL, '2020');
INSERT INTO `student` VALUES (336, '20200336', '滑腿', '女', '18452155993', NULL, '2020-01-09 06:10:58', NULL, '2020');
INSERT INTO `student` VALUES (337, '20200337', '百里然若', '女', '13700530055', NULL, '2020-01-09 06:10:58', NULL, '2020');
INSERT INTO `student` VALUES (338, '20200338', '曹明样', '女', '17886576796', NULL, '2020-01-09 06:10:58', NULL, '2020');
INSERT INTO `student` VALUES (339, '20200339', '寿甑峥', '女', '13988862488', NULL, '2020-01-09 06:10:58', NULL, '2020');
INSERT INTO `student` VALUES (340, '20200340', '鲍苞', '女', '13261190083', NULL, '2020-01-09 06:10:58', NULL, '2020');
INSERT INTO `student` VALUES (341, '20200341', '关梦芜', '女', '17899542451', NULL, '2020-01-09 06:10:58', NULL, '2020');
INSERT INTO `student` VALUES (342, '20200342', '湛映慈', '女', '17215898735', NULL, '2020-01-09 06:10:58', NULL, '2020');
INSERT INTO `student` VALUES (343, '20200343', '申助樽', '男', '18715785918', NULL, '2020-01-09 06:10:58', NULL, '2020');
INSERT INTO `student` VALUES (344, '20200344', '楚童', '女', '17393057593', NULL, '2020-01-09 06:10:58', NULL, '2020');
INSERT INTO `student` VALUES (345, '20200345', '徐有', '男', '17309688421', NULL, '2020-01-09 06:10:58', NULL, '2020');
INSERT INTO `student` VALUES (346, '20200346', '双芒熠', '女', '18608092099', NULL, '2020-01-09 06:10:58', NULL, '2020');
INSERT INTO `student` VALUES (347, '20200347', '阙伊止', '男', '13087572762', NULL, '2020-01-09 06:10:58', NULL, '2020');
INSERT INTO `student` VALUES (348, '20200348', '车奔', '男', '13299054003', NULL, '2020-01-09 06:10:58', NULL, '2020');
INSERT INTO `student` VALUES (349, '20200349', '融纾空', '女', '18500332557', NULL, '2020-01-09 06:10:58', NULL, '2020');
INSERT INTO `student` VALUES (350, '20200350', '长孙思', '女', '13931987534', NULL, '2020-01-09 06:10:58', NULL, '2020');
INSERT INTO `student` VALUES (351, '20200351', '鲁墩钰', '男', '13143645278', NULL, '2020-01-09 06:10:58', NULL, '2020');
INSERT INTO `student` VALUES (352, '20200352', '段干研可', '男', '18424613546', NULL, '2020-01-09 06:10:58', NULL, '2020');
INSERT INTO `student` VALUES (353, '20200353', '干菲', '男', '17806494123', NULL, '2020-01-09 06:10:58', NULL, '2020');
INSERT INTO `student` VALUES (354, '20200354', '匡卿', '男', '13282600093', NULL, '2020-01-09 06:10:58', NULL, '2020');
INSERT INTO `student` VALUES (355, '20200355', '戴隽田', '男', '18780641863', NULL, '2020-01-09 06:10:58', NULL, '2020');
INSERT INTO `student` VALUES (356, '20200356', '习平尹', '男', '15018191557', NULL, '2020-01-09 06:10:58', NULL, '2020');
INSERT INTO `student` VALUES (357, '20200357', '童炬', '男', '13213720364', NULL, '2020-01-09 06:10:58', NULL, '2020');
INSERT INTO `student` VALUES (358, '20200358', '裴查照', '男', '13716459147', NULL, '2020-01-09 06:10:58', NULL, '2020');
INSERT INTO `student` VALUES (359, '20200359', '福谷', '女', '13588776169', NULL, '2020-01-09 06:10:58', NULL, '2020');
INSERT INTO `student` VALUES (360, '20200360', '诸葛璇', '男', '18620619441', NULL, '2020-01-09 06:10:58', NULL, '2020');
INSERT INTO `student` VALUES (361, '20200361', '杭幸慎', '男', '15214227826', NULL, '2020-01-09 06:10:58', NULL, '2020');
INSERT INTO `student` VALUES (362, '20200362', '包瑛芮', '女', '15140378824', NULL, '2020-01-09 06:10:59', NULL, '2020');
INSERT INTO `student` VALUES (363, '20200363', '印朝', '男', '13150360684', NULL, '2020-01-09 06:10:59', NULL, '2020');
INSERT INTO `student` VALUES (364, '20200364', '关荣谊', '女', '18784564125', NULL, '2020-01-09 06:10:59', NULL, '2020');
INSERT INTO `student` VALUES (365, '20200365', '空举宪', '男', '18438470855', NULL, '2020-01-09 06:10:59', NULL, '2020');
INSERT INTO `student` VALUES (366, '20200366', '澹台鎏', '男', '18930364838', NULL, '2020-01-09 06:10:59', NULL, '2020');
INSERT INTO `student` VALUES (367, '20200367', '段红', '女', '15914328120', NULL, '2020-01-09 06:10:59', NULL, '2020');
INSERT INTO `student` VALUES (368, '20200368', '嵇南颜', '女', '17681403669', NULL, '2020-01-09 06:10:59', NULL, '2020');
INSERT INTO `student` VALUES (369, '20200369', '单于江喆', '男', '18392428479', NULL, '2020-01-09 06:10:59', NULL, '2020');
INSERT INTO `student` VALUES (370, '20200370', '禄玛祢', '女', '17891870681', NULL, '2020-01-09 06:10:59', NULL, '2020');
INSERT INTO `student` VALUES (371, '20200371', '邢哲', '男', '13622570856', NULL, '2020-01-09 06:10:59', NULL, '2020');
INSERT INTO `student` VALUES (372, '20200372', '弓禧璘', '男', '18265524019', NULL, '2020-01-09 06:10:59', NULL, '2020');
INSERT INTO `student` VALUES (373, '20200373', '阚济', '女', '18869896796', NULL, '2020-01-09 06:10:59', NULL, '2020');
INSERT INTO `student` VALUES (374, '20200374', '单于招琢', '男', '15031547979', NULL, '2020-01-09 06:10:59', NULL, '2020');
INSERT INTO `student` VALUES (375, '20200375', '轩辕灿炀', '女', '18099905760', NULL, '2020-01-09 06:10:59', NULL, '2020');
INSERT INTO `student` VALUES (376, '20200376', '岑希汐', '女', '19917857482', NULL, '2020-01-09 06:10:59', NULL, '2020');
INSERT INTO `student` VALUES (377, '20200377', '仰旭', '男', '17802749962', NULL, '2020-01-09 06:10:59', NULL, '2020');
INSERT INTO `student` VALUES (378, '20200378', '拓跋负', '女', '19332053402', NULL, '2020-01-09 06:10:59', NULL, '2020');
INSERT INTO `student` VALUES (379, '20200379', '崔槿杉', '男', '13573861795', NULL, '2020-01-09 06:10:59', NULL, '2020');
INSERT INTO `student` VALUES (380, '20200380', '季颖苏', '女', '15718373524', NULL, '2020-01-09 06:10:59', NULL, '2020');
INSERT INTO `student` VALUES (381, '20200381', '徐征', '女', '13291110028', NULL, '2020-01-09 06:10:59', NULL, '2020');
INSERT INTO `student` VALUES (382, '20200382', '韦那斓', '女', '15222229496', NULL, '2020-01-09 06:10:59', NULL, '2020');
INSERT INTO `student` VALUES (383, '20200383', '荆峄', '女', '19165871617', NULL, '2020-01-09 06:10:59', NULL, '2020');
INSERT INTO `student` VALUES (384, '20200384', '卜登', '男', '15221665135', NULL, '2020-01-09 06:10:59', NULL, '2020');
INSERT INTO `student` VALUES (385, '20200385', '樊笈鹦', '女', '18386865844', NULL, '2020-01-09 06:10:59', NULL, '2020');
INSERT INTO `student` VALUES (386, '20200386', '安铁', '男', '13824508393', NULL, '2020-01-09 06:10:59', NULL, '2020');
INSERT INTO `student` VALUES (387, '20200387', '王熙', '男', '15796581418', NULL, '2020-01-09 06:10:59', NULL, '2020');
INSERT INTO `student` VALUES (388, '20200388', '程画弹', '女', '13963611874', NULL, '2020-01-09 06:10:59', NULL, '2020');
INSERT INTO `student` VALUES (389, '20200389', '计禹为', '男', '13869504125', NULL, '2020-01-09 06:10:59', NULL, '2020');
INSERT INTO `student` VALUES (390, '20200390', '方坤旋', '女', '18620901152', NULL, '2020-01-09 06:10:59', NULL, '2020');
INSERT INTO `student` VALUES (391, '20200391', '步英', '女', '18644033989', NULL, '2020-01-09 06:10:59', NULL, '2020');
INSERT INTO `student` VALUES (392, '20200392', '弘人', '女', '19814715482', NULL, '2020-01-09 06:10:59', NULL, '2020');
INSERT INTO `student` VALUES (393, '20200393', '艾冕', '女', '15570828994', NULL, '2020-01-09 06:11:00', NULL, '2020');
INSERT INTO `student` VALUES (394, '20200394', '逄沛', '女', '18315204532', NULL, '2020-01-09 06:11:00', NULL, '2020');
INSERT INTO `student` VALUES (395, '20200395', '骆城', '女', '18206058008', NULL, '2020-01-09 06:11:00', NULL, '2020');
INSERT INTO `student` VALUES (396, '20200396', '糜劬绍', '女', '13297978439', NULL, '2020-01-09 06:11:00', NULL, '2020');
INSERT INTO `student` VALUES (397, '20200397', '东门瀚', '女', '18300928485', NULL, '2020-01-09 06:11:00', NULL, '2020');
INSERT INTO `student` VALUES (398, '20200398', '简鑫', '女', '13099231004', NULL, '2020-01-09 06:11:00', NULL, '2020');
INSERT INTO `student` VALUES (399, '20200399', '商越丹', '男', '17650761091', NULL, '2020-01-09 06:11:00', NULL, '2020');
INSERT INTO `student` VALUES (400, '20200400', '孔祯', '男', '13009797417', NULL, '2020-01-09 06:11:00', NULL, '2020');
INSERT INTO `student` VALUES (401, '20200401', '范阗苈', '女', '15871613169', NULL, '2020-01-09 06:11:00', NULL, '2020');
INSERT INTO `student` VALUES (402, '20200402', '饶铧夫', '男', '14768790728', NULL, '2020-01-09 06:11:00', NULL, '2020');
INSERT INTO `student` VALUES (403, '20200403', '龙墨江', '男', '19317655379', NULL, '2020-01-09 06:11:00', NULL, '2020');
INSERT INTO `student` VALUES (404, '20200404', '蒋止', '男', '19918702645', NULL, '2020-01-09 06:11:00', NULL, '2020');
INSERT INTO `student` VALUES (405, '20200405', '卫燃', '男', '18917624561', NULL, '2020-01-09 06:11:00', NULL, '2020');
INSERT INTO `student` VALUES (406, '20200406', '祖竦水', '女', '14740065376', NULL, '2020-01-09 06:11:00', NULL, '2020');
INSERT INTO `student` VALUES (407, '20200407', '滑碑', '男', '18221479367', NULL, '2020-01-09 06:11:00', NULL, '2020');
INSERT INTO `student` VALUES (408, '20200408', '康昙', '女', '13309867860', NULL, '2020-01-09 06:11:00', NULL, '2020');
INSERT INTO `student` VALUES (409, '20200409', '解林昱', '女', '15065500679', NULL, '2020-01-09 06:11:00', NULL, '2020');
INSERT INTO `student` VALUES (410, '20200410', '皇甫婧瑾', '男', '15327410790', NULL, '2020-01-09 06:11:00', NULL, '2020');
INSERT INTO `student` VALUES (411, '20200411', '齐畇材', '女', '17748514826', NULL, '2020-01-09 06:11:00', NULL, '2020');
INSERT INTO `student` VALUES (412, '20200412', '孙芮鸥', '男', '16682592043', NULL, '2020-01-09 06:11:00', NULL, '2020');
INSERT INTO `student` VALUES (413, '20200413', '韩玥', '女', '13246930702', NULL, '2020-01-09 06:11:00', NULL, '2020');
INSERT INTO `student` VALUES (414, '20200414', '鲜于珊', '女', '17288298008', NULL, '2020-01-09 06:11:00', NULL, '2020');
INSERT INTO `student` VALUES (415, '20200415', '寿允', '男', '19863605144', NULL, '2020-01-09 06:11:00', NULL, '2020');
INSERT INTO `student` VALUES (416, '20200416', '杜垭之', '女', '17790797708', NULL, '2020-01-09 06:11:00', NULL, '2020');
INSERT INTO `student` VALUES (417, '20200417', '上官灏', '男', '18932426227', NULL, '2020-01-09 06:11:00', NULL, '2020');
INSERT INTO `student` VALUES (418, '20200418', '纪帝儒', '男', '18934743412', NULL, '2020-01-09 06:11:00', NULL, '2020');
INSERT INTO `student` VALUES (419, '20200419', '成正', '男', '13287381263', NULL, '2020-01-09 06:11:00', NULL, '2020');
INSERT INTO `student` VALUES (420, '20200420', '袁听乘', '男', '15923153551', NULL, '2020-01-09 06:11:00', NULL, '2020');
INSERT INTO `student` VALUES (421, '20200421', '赏榄莘', '女', '13530967327', NULL, '2020-01-09 06:11:00', NULL, '2020');
INSERT INTO `student` VALUES (422, '20200422', '牧憬', '男', '19984481075', NULL, '2020-01-09 06:11:00', NULL, '2020');
INSERT INTO `student` VALUES (423, '20200423', '欧阳瑛莹', '男', '15558140940', NULL, '2020-01-09 06:11:00', NULL, '2020');
INSERT INTO `student` VALUES (424, '20200424', '吴驿拾', '男', '17295026875', NULL, '2020-01-09 06:11:00', NULL, '2020');
INSERT INTO `student` VALUES (425, '20200425', '殷达', '女', '15721509610', NULL, '2020-01-09 06:11:01', NULL, '2020');
INSERT INTO `student` VALUES (426, '20200426', '从霓倪', '男', '19167251890', NULL, '2020-01-09 06:11:01', NULL, '2020');
INSERT INTO `student` VALUES (427, '20200427', '慕闪渼', '女', '15071570592', NULL, '2020-01-09 06:11:01', NULL, '2020');
INSERT INTO `student` VALUES (428, '20200428', '巩赫朦', '男', '15983667807', NULL, '2020-01-09 06:11:01', NULL, '2020');
INSERT INTO `student` VALUES (429, '20200429', '扈巧帧', '男', '15144208782', NULL, '2020-01-09 06:11:01', NULL, '2020');
INSERT INTO `student` VALUES (430, '20200430', '卢肩', '男', '13281217100', NULL, '2020-01-09 06:11:01', NULL, '2020');
INSERT INTO `student` VALUES (431, '20200431', '刁钠士', '女', '18556501322', NULL, '2020-01-09 06:11:01', NULL, '2020');
INSERT INTO `student` VALUES (432, '20200432', '宰柔', '男', '19902800071', NULL, '2020-01-09 06:11:01', NULL, '2020');
INSERT INTO `student` VALUES (433, '20200433', '缑萼', '女', '15021205271', NULL, '2020-01-09 06:11:01', NULL, '2020');
INSERT INTO `student` VALUES (434, '20200434', '尤珍潞', '男', '17500276377', NULL, '2020-01-09 06:11:01', NULL, '2020');
INSERT INTO `student` VALUES (435, '20200435', '聂洛', '女', '15977871380', NULL, '2020-01-09 06:11:01', NULL, '2020');
INSERT INTO `student` VALUES (436, '20200436', '岳陈', '女', '15921417089', NULL, '2020-01-09 06:11:01', NULL, '2020');
INSERT INTO `student` VALUES (437, '20200437', '公良诺', '女', '18963963523', NULL, '2020-01-09 06:11:01', NULL, '2020');
INSERT INTO `student` VALUES (438, '20200438', '衡鱼嬉', '女', '15821952855', NULL, '2020-01-09 06:11:01', NULL, '2020');
INSERT INTO `student` VALUES (439, '20200439', '俞异', '男', '17832774700', NULL, '2020-01-09 06:11:01', NULL, '2020');
INSERT INTO `student` VALUES (440, '20200440', '段什', '男', '17648879467', NULL, '2020-01-09 06:11:01', NULL, '2020');
INSERT INTO `student` VALUES (441, '20200441', '於跃景', '男', '18559794674', NULL, '2020-01-09 06:11:01', NULL, '2020');
INSERT INTO `student` VALUES (442, '20200442', '马凃婷', '女', '18111297918', NULL, '2020-01-09 06:11:01', NULL, '2020');
INSERT INTO `student` VALUES (443, '20200443', '冷润', '女', '18965551936', NULL, '2020-01-09 06:11:01', NULL, '2020');
INSERT INTO `student` VALUES (444, '20200444', '赫连圻', '男', '13885110484', NULL, '2020-01-09 06:11:01', NULL, '2020');
INSERT INTO `student` VALUES (445, '20200445', '葛珈', '男', '13678986512', NULL, '2020-01-09 06:11:01', NULL, '2020');
INSERT INTO `student` VALUES (446, '20200446', '蓟坦形', '男', '18455534198', NULL, '2020-01-09 06:11:01', NULL, '2020');
INSERT INTO `student` VALUES (447, '20200447', '邰藩', '男', '13144318664', NULL, '2020-01-09 06:11:01', NULL, '2020');
INSERT INTO `student` VALUES (448, '20200448', '麻天懿', '男', '19310331542', NULL, '2020-01-09 06:11:01', NULL, '2020');
INSERT INTO `student` VALUES (449, '20200449', '房笈鹦', '女', '19931413640', NULL, '2020-01-09 06:11:01', NULL, '2020');
INSERT INTO `student` VALUES (450, '20200450', '琴纵镒', '男', '18201139549', NULL, '2020-01-09 06:11:01', NULL, '2020');
INSERT INTO `student` VALUES (451, '20200451', '邵销', '男', '13503112048', NULL, '2020-01-09 06:11:01', NULL, '2020');
INSERT INTO `student` VALUES (452, '20200452', '漆雕瑛', '女', '15613927570', NULL, '2020-01-09 06:11:01', NULL, '2020');
INSERT INTO `student` VALUES (453, '20200453', '段干东', '女', '14764916954', NULL, '2020-01-09 06:11:01', NULL, '2020');
INSERT INTO `student` VALUES (454, '20200454', '况姗', '女', '18214916068', NULL, '2020-01-09 06:11:01', NULL, '2020');
INSERT INTO `student` VALUES (455, '20200455', '充换蝶', '女', '18089233404', NULL, '2020-01-09 06:11:02', NULL, '2020');
INSERT INTO `student` VALUES (456, '20200456', '钦蕊', '男', '15286717921', NULL, '2020-01-09 06:11:02', NULL, '2020');
INSERT INTO `student` VALUES (457, '20200457', '顾濠盛', '女', '17549306006', NULL, '2020-01-09 06:11:02', NULL, '2020');
INSERT INTO `student` VALUES (458, '20200458', '金柳眩', '男', '18147689466', NULL, '2020-01-09 06:11:02', NULL, '2020');
INSERT INTO `student` VALUES (459, '20200459', '景启弈', '女', '15007872269', NULL, '2020-01-09 06:11:02', NULL, '2020');
INSERT INTO `student` VALUES (460, '20200460', '暨绎靖', '男', '15235002583', NULL, '2020-01-09 06:11:02', NULL, '2020');
INSERT INTO `student` VALUES (461, '20200461', '西门雄凡', '男', '19928719552', NULL, '2020-01-09 06:11:02', NULL, '2020');
INSERT INTO `student` VALUES (462, '20200462', '长孙娅', '女', '15605239307', NULL, '2020-01-09 06:11:02', NULL, '2020');
INSERT INTO `student` VALUES (463, '20200463', '韩志蓓', '女', '18381989559', NULL, '2020-01-09 06:11:02', NULL, '2020');
INSERT INTO `student` VALUES (464, '20200464', '步士元', '女', '19107867200', NULL, '2020-01-09 06:11:02', NULL, '2020');
INSERT INTO `student` VALUES (465, '20200465', '滑琾', '男', '13961654337', NULL, '2020-01-09 06:11:02', NULL, '2020');
INSERT INTO `student` VALUES (466, '20200466', '郝楠', '男', '19852153663', NULL, '2020-01-09 06:11:02', NULL, '2020');
INSERT INTO `student` VALUES (467, '20200467', '束俞环', '女', '18262250186', NULL, '2020-01-09 06:11:02', NULL, '2020');
INSERT INTO `student` VALUES (468, '20200468', '岳美铭', '男', '15802684974', NULL, '2020-01-09 06:11:02', NULL, '2020');
INSERT INTO `student` VALUES (469, '20200469', '阮壮又', '男', '18549475537', NULL, '2020-01-09 06:11:02', NULL, '2020');
INSERT INTO `student` VALUES (470, '20200470', '束轶满', '女', '15604822297', NULL, '2020-01-09 06:11:02', NULL, '2020');
INSERT INTO `student` VALUES (471, '20200471', '余幼波', '女', '13126320676', NULL, '2020-01-09 06:11:02', NULL, '2020');
INSERT INTO `student` VALUES (472, '20200472', '云湄', '女', '13866379763', NULL, '2020-01-09 06:11:02', NULL, '2020');
INSERT INTO `student` VALUES (473, '20200473', '袁初', '女', '13627918490', NULL, '2020-01-09 06:11:02', NULL, '2020');
INSERT INTO `student` VALUES (474, '20200474', '羊邦年', '男', '18974689000', NULL, '2020-01-09 06:11:02', NULL, '2020');
INSERT INTO `student` VALUES (475, '20200475', '仰霖凌', '男', '17246382450', NULL, '2020-01-09 06:11:02', NULL, '2020');
INSERT INTO `student` VALUES (476, '20200476', '储娅', '女', '13721518101', NULL, '2020-01-09 06:11:02', NULL, '2020');
INSERT INTO `student` VALUES (477, '20200477', '阙婉鹤', '男', '13126059280', NULL, '2020-01-09 06:11:02', NULL, '2020');
INSERT INTO `student` VALUES (478, '20200478', '明翼', '男', '15510689784', NULL, '2020-01-09 06:11:02', NULL, '2020');
INSERT INTO `student` VALUES (479, '20200479', '贲纵镒', '男', '15603883463', NULL, '2020-01-09 06:11:02', NULL, '2020');
INSERT INTO `student` VALUES (480, '20200480', '戈馨', '女', '19340263603', NULL, '2020-01-09 06:11:02', NULL, '2020');
INSERT INTO `student` VALUES (481, '20200481', '皮遐燕', '女', '15032398987', NULL, '2020-01-09 06:11:02', NULL, '2020');
INSERT INTO `student` VALUES (482, '20200482', '第五岢', '女', '19180336552', NULL, '2020-01-09 06:11:02', NULL, '2020');
INSERT INTO `student` VALUES (483, '20200483', '满苏', '女', '18039749690', NULL, '2020-01-09 06:11:02', NULL, '2020');
INSERT INTO `student` VALUES (484, '20200484', '富凤', '男', '18846154716', NULL, '2020-01-09 06:11:02', NULL, '2020');
INSERT INTO `student` VALUES (485, '20200485', '喻菡', '女', '19921307122', NULL, '2020-01-09 06:11:02', NULL, '2020');
INSERT INTO `student` VALUES (486, '20200486', '明辚', '男', '13891475618', NULL, '2020-01-09 06:11:03', NULL, '2020');
INSERT INTO `student` VALUES (487, '20200487', '杜词枷', '女', '19963328916', NULL, '2020-01-09 06:11:03', NULL, '2020');
INSERT INTO `student` VALUES (488, '20200488', '郜偌舲', '女', '13593333233', NULL, '2020-01-09 06:11:03', NULL, '2020');
INSERT INTO `student` VALUES (489, '20200489', '欧阳町礼', '女', '16645513346', NULL, '2020-01-09 06:11:03', NULL, '2020');
INSERT INTO `student` VALUES (490, '20200490', '终涯至', '男', '17520085471', NULL, '2020-01-09 06:11:03', NULL, '2020');
INSERT INTO `student` VALUES (491, '20200491', '潘玛', '女', '19310172485', NULL, '2020-01-09 06:11:03', NULL, '2020');
INSERT INTO `student` VALUES (492, '20200492', '能盈晋', '男', '18233232188', NULL, '2020-01-09 06:11:03', NULL, '2020');
INSERT INTO `student` VALUES (493, '20200493', '严婧', '女', '15273952164', NULL, '2020-01-09 06:11:03', NULL, '2020');
INSERT INTO `student` VALUES (494, '20200494', '薄佯', '男', '19895339410', NULL, '2020-01-09 06:11:03', NULL, '2020');
INSERT INTO `student` VALUES (495, '20200495', '皮漫懈', '女', '16626486596', NULL, '2020-01-09 06:11:03', NULL, '2020');
INSERT INTO `student` VALUES (496, '20200496', '夏薪峙', '男', '18025002147', NULL, '2020-01-09 06:11:03', NULL, '2020');
INSERT INTO `student` VALUES (497, '20200497', '莘穗', '男', '13976970180', NULL, '2020-01-09 06:11:03', NULL, '2020');
INSERT INTO `student` VALUES (498, '20200498', '明粲', '女', '15348192447', NULL, '2020-01-09 06:11:03', NULL, '2020');
INSERT INTO `student` VALUES (499, '20200499', '闫珣奎', '男', '15212138020', NULL, '2020-01-09 06:11:03', NULL, '2020');
INSERT INTO `student` VALUES (500, '20200500', '禹舒', '女', '17593233743', NULL, '2020-01-09 06:11:03', NULL, '2020');
INSERT INTO `student` VALUES (501, '20200501', '方蓝', '男', '13254995935', NULL, '2020-01-09 06:11:03', NULL, '2020');
INSERT INTO `student` VALUES (502, '20200502', '龙梵', '女', '13011354791', NULL, '2020-01-09 06:11:03', NULL, '2020');
INSERT INTO `student` VALUES (503, '20200503', '岳烘贵', '男', '15339418558', NULL, '2020-01-09 06:11:03', NULL, '2020');
INSERT INTO `student` VALUES (504, '20200504', '璩舟厅', '女', '18305429565', NULL, '2020-01-09 06:11:03', NULL, '2020');
INSERT INTO `student` VALUES (505, '20200505', '石尹僖', '女', '18147403368', NULL, '2020-01-09 06:11:03', NULL, '2020');
INSERT INTO `student` VALUES (506, '20200506', '汲丛从', '男', '13095676902', NULL, '2020-01-09 06:11:03', NULL, '2020');
INSERT INTO `student` VALUES (507, '20200507', '唐妙娴', '男', '18987187890', NULL, '2020-01-09 06:11:03', NULL, '2020');
INSERT INTO `student` VALUES (508, '20200508', '东荻', '女', '17586796748', NULL, '2020-01-09 06:11:03', NULL, '2020');
INSERT INTO `student` VALUES (509, '20200509', '楚然若', '女', '15036728377', NULL, '2020-01-09 06:11:03', NULL, '2020');
INSERT INTO `student` VALUES (510, '20200510', '相锎', '男', '15584797108', NULL, '2020-01-09 06:11:03', NULL, '2020');
INSERT INTO `student` VALUES (511, '20200511', '堵栖', '男', '18037372033', NULL, '2020-01-09 06:11:03', NULL, '2020');
INSERT INTO `student` VALUES (512, '20200512', '别櫘至', '女', '15010884037', NULL, '2020-01-09 06:11:03', NULL, '2020');
INSERT INTO `student` VALUES (513, '20200513', '慕容顺', '女', '19325499081', NULL, '2020-01-09 06:11:03', NULL, '2020');
INSERT INTO `student` VALUES (514, '20200514', '东门于', '男', '18881162822', NULL, '2020-01-09 06:11:03', NULL, '2020');
INSERT INTO `student` VALUES (515, '20200515', '岳问', '女', '15914649353', NULL, '2020-01-09 06:11:03', NULL, '2020');
INSERT INTO `student` VALUES (516, '20200516', '巢麟', '男', '13674115332', NULL, '2020-01-09 06:11:03', NULL, '2020');
INSERT INTO `student` VALUES (517, '20200517', '伯风', '男', '14715343989', NULL, '2020-01-09 06:11:04', NULL, '2020');
INSERT INTO `student` VALUES (518, '20200518', '秋劬凃', '男', '18984071191', NULL, '2020-01-09 06:11:04', NULL, '2020');
INSERT INTO `student` VALUES (519, '20200519', '嵇砧峦', '男', '15974535416', NULL, '2020-01-09 06:11:04', NULL, '2020');
INSERT INTO `student` VALUES (520, '20200520', '阚碧', '女', '13756579417', NULL, '2020-01-09 06:11:04', NULL, '2020');
INSERT INTO `student` VALUES (521, '20200521', '雍彦', '男', '18123736075', NULL, '2020-01-09 06:11:04', NULL, '2020');
INSERT INTO `student` VALUES (522, '20200522', '卓杨憬', '女', '18647903384', NULL, '2020-01-09 06:11:04', NULL, '2020');
INSERT INTO `student` VALUES (523, '20200523', '邵殊孜', '女', '18229050008', NULL, '2020-01-09 06:11:04', NULL, '2020');
INSERT INTO `student` VALUES (524, '20200524', '段干幼汇', '男', '19926628686', NULL, '2020-01-09 06:11:04', NULL, '2020');
INSERT INTO `student` VALUES (525, '20200525', '任馨栎', '男', '18346285554', NULL, '2020-01-09 06:11:04', NULL, '2020');
INSERT INTO `student` VALUES (526, '20200526', '容瑷', '女', '13315332972', NULL, '2020-01-09 06:11:04', NULL, '2020');
INSERT INTO `student` VALUES (527, '20200527', '甄姘喜', '女', '19360898391', NULL, '2020-01-09 06:11:04', NULL, '2020');
INSERT INTO `student` VALUES (528, '20200528', '巢枫', '男', '17377845316', NULL, '2020-01-09 06:11:04', NULL, '2020');
INSERT INTO `student` VALUES (529, '20200529', '勾泰', '男', '15846674463', NULL, '2020-01-09 06:11:04', NULL, '2020');
INSERT INTO `student` VALUES (530, '20200530', '须泥', '女', '15588130332', NULL, '2020-01-09 06:11:04', NULL, '2020');
INSERT INTO `student` VALUES (531, '20200531', '许泓', '男', '15286575059', NULL, '2020-01-09 06:11:04', NULL, '2020');
INSERT INTO `student` VALUES (532, '20200532', '史权印', '女', '13204314531', NULL, '2020-01-09 06:11:04', NULL, '2020');
INSERT INTO `student` VALUES (533, '20200533', '范雯睛', '女', '15089840706', NULL, '2020-01-09 06:11:04', NULL, '2020');
INSERT INTO `student` VALUES (534, '20200534', '匡沁粟', '男', '18506388741', NULL, '2020-01-09 06:11:04', NULL, '2020');
INSERT INTO `student` VALUES (535, '20200535', '韦淙', '女', '17693085492', NULL, '2020-01-09 06:11:04', NULL, '2020');
INSERT INTO `student` VALUES (536, '20200536', '宗政依', '男', '15933513672', NULL, '2020-01-09 06:11:04', NULL, '2020');
INSERT INTO `student` VALUES (537, '20200537', '言岑', '女', '18023139325', NULL, '2020-01-09 06:11:04', NULL, '2020');
INSERT INTO `student` VALUES (538, '20200538', '蒙育', '男', '13932350759', NULL, '2020-01-09 06:11:04', NULL, '2020');
INSERT INTO `student` VALUES (539, '20200539', '能玲', '女', '15274328841', NULL, '2020-01-09 06:11:04', NULL, '2020');
INSERT INTO `student` VALUES (540, '20200540', '仇杨憬', '女', '19951431636', NULL, '2020-01-09 06:11:04', NULL, '2020');
INSERT INTO `student` VALUES (541, '20200541', '第五倩月', '男', '17719951414', NULL, '2020-01-09 06:11:04', NULL, '2020');
INSERT INTO `student` VALUES (542, '20200542', '国爷', '男', '13147164480', NULL, '2020-01-09 06:11:04', NULL, '2020');
INSERT INTO `student` VALUES (543, '20200543', '艾袁彦', '女', '18634208624', NULL, '2020-01-09 06:11:04', NULL, '2020');
INSERT INTO `student` VALUES (544, '20200544', '向着旎', '女', '14786709276', NULL, '2020-01-09 06:11:04', NULL, '2020');
INSERT INTO `student` VALUES (545, '20200545', '莘镆', '男', '13888886570', NULL, '2020-01-09 06:11:04', NULL, '2020');
INSERT INTO `student` VALUES (546, '20200546', '祝牌', '男', '18495056804', NULL, '2020-01-09 06:11:04', NULL, '2020');
INSERT INTO `student` VALUES (547, '20200547', '厉芦', '女', '18148673245', NULL, '2020-01-09 06:11:04', NULL, '2020');
INSERT INTO `student` VALUES (548, '20200548', '伯怀银', '女', '16634914632', NULL, '2020-01-09 06:11:04', NULL, '2020');
INSERT INTO `student` VALUES (549, '20200549', '须铁', '男', '18137687559', NULL, '2020-01-09 06:11:04', NULL, '2020');
INSERT INTO `student` VALUES (550, '20200550', '贺砧峦', '男', '15808782842', NULL, '2020-01-09 06:11:05', NULL, '2020');
INSERT INTO `student` VALUES (551, '20200551', '宓淼水', '男', '13515320923', NULL, '2020-01-09 06:11:05', NULL, '2020');
INSERT INTO `student` VALUES (552, '20200552', '秋瞳', '女', '17292626397', NULL, '2020-01-09 06:11:05', NULL, '2020');
INSERT INTO `student` VALUES (553, '20200553', '东郭君无', '男', '18263203289', NULL, '2020-01-09 06:11:05', NULL, '2020');
INSERT INTO `student` VALUES (554, '20200554', '和浏楫', '男', '19912012549', NULL, '2020-01-09 06:11:05', NULL, '2020');
INSERT INTO `student` VALUES (555, '20200555', '姬晨遐', '女', '17682512111', NULL, '2020-01-09 06:11:05', NULL, '2020');
INSERT INTO `student` VALUES (556, '20200556', '计翰', '男', '13580967389', NULL, '2020-01-09 06:11:05', NULL, '2020');
INSERT INTO `student` VALUES (557, '20200557', '乐正红颀', '男', '15510428496', NULL, '2020-01-09 06:11:05', NULL, '2020');
INSERT INTO `student` VALUES (558, '20200558', '文霆丝', '男', '17636269281', NULL, '2020-01-09 06:11:05', NULL, '2020');
INSERT INTO `student` VALUES (559, '20200559', '米帜', '男', '16636522129', NULL, '2020-01-09 06:11:05', NULL, '2020');
INSERT INTO `student` VALUES (560, '20200560', '贲亦暖', '男', '13852590309', NULL, '2020-01-09 06:11:05', NULL, '2020');
INSERT INTO `student` VALUES (561, '20200561', '戈玫', '女', '18421849307', NULL, '2020-01-09 06:11:05', NULL, '2020');
INSERT INTO `student` VALUES (562, '20200562', '尤畇', '女', '19918498936', NULL, '2020-01-09 06:11:05', NULL, '2020');
INSERT INTO `student` VALUES (563, '20200563', '第五斯丝', '女', '18442355751', NULL, '2020-01-09 06:11:05', NULL, '2020');
INSERT INTO `student` VALUES (564, '20200564', '嵇潘', '女', '15184101834', NULL, '2020-01-09 06:11:05', NULL, '2020');
INSERT INTO `student` VALUES (565, '20200565', '敖隽田', '男', '19382329396', NULL, '2020-01-09 06:11:05', NULL, '2020');
INSERT INTO `student` VALUES (566, '20200566', '杨次', '女', '15267800163', NULL, '2020-01-09 06:11:05', NULL, '2020');
INSERT INTO `student` VALUES (567, '20200567', '隆舜齐', '男', '13249939682', NULL, '2020-01-09 06:11:05', NULL, '2020');
INSERT INTO `student` VALUES (568, '20200568', '訾荧', '女', '15990916471', NULL, '2020-01-09 06:11:05', NULL, '2020');
INSERT INTO `student` VALUES (569, '20200569', '曹淙揶', '女', '17388609302', NULL, '2020-01-09 06:11:05', NULL, '2020');
INSERT INTO `student` VALUES (570, '20200570', '西门凡雯', '男', '13918373630', NULL, '2020-01-09 06:11:05', NULL, '2020');
INSERT INTO `student` VALUES (571, '20200571', '步嫣石', '男', '17734146622', NULL, '2020-01-09 06:11:05', NULL, '2020');
INSERT INTO `student` VALUES (572, '20200572', '戚组陶', '男', '15295808808', NULL, '2020-01-09 06:11:05', NULL, '2020');
INSERT INTO `student` VALUES (573, '20200573', '荣毅庐', '女', '17848703861', NULL, '2020-01-09 06:11:05', NULL, '2020');
INSERT INTO `student` VALUES (574, '20200574', '山源', '男', '13665194492', NULL, '2020-01-09 06:11:05', NULL, '2020');
INSERT INTO `student` VALUES (575, '20200575', '伍辩豆', '男', '13384723437', NULL, '2020-01-09 06:11:05', NULL, '2020');
INSERT INTO `student` VALUES (576, '20200576', '宰明样', '女', '13951568121', NULL, '2020-01-09 06:11:05', NULL, '2020');
INSERT INTO `student` VALUES (577, '20200577', '令狐瑛', '女', '15866064016', NULL, '2020-01-09 06:11:05', NULL, '2020');
INSERT INTO `student` VALUES (578, '20200578', '许缔', '女', '13966519280', NULL, '2020-01-09 06:11:05', NULL, '2020');
INSERT INTO `student` VALUES (579, '20200579', '邱施挥', '男', '15223415526', NULL, '2020-01-09 06:11:05', NULL, '2020');
INSERT INTO `student` VALUES (580, '20200580', '米筱', '女', '15564584492', NULL, '2020-01-09 06:11:05', NULL, '2020');
INSERT INTO `student` VALUES (581, '20200581', '宓满敬', '男', '18859785309', NULL, '2020-01-09 06:11:05', NULL, '2020');
INSERT INTO `student` VALUES (582, '20200582', '高倚耀', '男', '15187032634', NULL, '2020-01-09 06:11:05', NULL, '2020');
INSERT INTO `student` VALUES (583, '20200583', '倪镜', '女', '15777388404', NULL, '2020-01-09 06:11:06', NULL, '2020');
INSERT INTO `student` VALUES (584, '20200584', '贲莺荫', '女', '15971279393', NULL, '2020-01-09 06:11:06', NULL, '2020');
INSERT INTO `student` VALUES (585, '20200585', '祖偌', '女', '14730836687', NULL, '2020-01-09 06:11:06', NULL, '2020');
INSERT INTO `student` VALUES (586, '20200586', '邵吉', '男', '13796526542', NULL, '2020-01-09 06:11:06', NULL, '2020');
INSERT INTO `student` VALUES (587, '20200587', '宋诊锦', '男', '15552107965', NULL, '2020-01-09 06:11:06', NULL, '2020');
INSERT INTO `student` VALUES (588, '20200588', '胥慧志', '女', '17685680216', NULL, '2020-01-09 06:11:06', NULL, '2020');
INSERT INTO `student` VALUES (589, '20200589', '翁刷畿', '女', '18350693255', NULL, '2020-01-09 06:11:06', NULL, '2020');
INSERT INTO `student` VALUES (590, '20200590', '谭准治', '男', '13719390849', NULL, '2020-01-09 06:11:06', NULL, '2020');
INSERT INTO `student` VALUES (591, '20200591', '卢蔼景', '女', '18897127898', NULL, '2020-01-09 06:11:06', NULL, '2020');
INSERT INTO `student` VALUES (592, '20200592', '浦圣', '女', '15279137127', NULL, '2020-01-09 06:11:06', NULL, '2020');
INSERT INTO `student` VALUES (593, '20200593', '弓强芬', '女', '18469633514', NULL, '2020-01-09 06:11:06', NULL, '2020');
INSERT INTO `student` VALUES (594, '20200594', '温食收', '女', '13353717463', NULL, '2020-01-09 06:11:06', NULL, '2020');
INSERT INTO `student` VALUES (595, '20200595', '寇薪', '男', '15938435572', NULL, '2020-01-09 06:11:06', NULL, '2020');
INSERT INTO `student` VALUES (596, '20200596', '公良诗', '女', '15350120580', NULL, '2020-01-09 06:11:06', NULL, '2020');
INSERT INTO `student` VALUES (597, '20200597', '巴鈊', '女', '13292970508', NULL, '2020-01-09 06:11:06', NULL, '2020');
INSERT INTO `student` VALUES (598, '20200598', '许明华', '男', '17300160879', NULL, '2020-01-09 06:11:06', NULL, '2020');
INSERT INTO `student` VALUES (599, '20200599', '韶睿', '男', '19339326637', NULL, '2020-01-09 06:11:06', NULL, '2020');
INSERT INTO `student` VALUES (600, '20200600', '墨陈叶', '男', '15656516583', NULL, '2020-01-09 06:11:06', NULL, '2020');
INSERT INTO `student` VALUES (601, '20200601', '束紫', '男', '15398730341', NULL, '2020-01-09 06:11:06', NULL, '2020');
INSERT INTO `student` VALUES (602, '20200602', '穆燃剑', '男', '18843257022', NULL, '2020-01-09 06:11:06', NULL, '2020');
INSERT INTO `student` VALUES (603, '20200603', '翟蔼弈', '男', '15949799939', NULL, '2020-01-09 06:11:06', NULL, '2020');
INSERT INTO `student` VALUES (604, '20200604', '唐肖尚', '女', '19196319466', NULL, '2020-01-09 06:11:06', NULL, '2020');
INSERT INTO `student` VALUES (605, '20200605', '干严', '男', '18971765924', NULL, '2020-01-09 06:11:06', NULL, '2020');
INSERT INTO `student` VALUES (606, '20200606', '凤芹', '女', '19943156206', NULL, '2020-01-09 06:11:06', NULL, '2020');
INSERT INTO `student` VALUES (607, '20200607', '任又', '女', '15355455816', NULL, '2020-01-09 06:11:06', NULL, '2020');
INSERT INTO `student` VALUES (608, '20200608', '单龙山', '男', '15034580063', NULL, '2020-01-09 06:11:06', NULL, '2020');
INSERT INTO `student` VALUES (609, '20200609', '汲焱', '女', '17523954899', NULL, '2020-01-09 06:11:06', NULL, '2020');
INSERT INTO `student` VALUES (610, '20200610', '伊函苘', '女', '19873950995', NULL, '2020-01-09 06:11:06', NULL, '2020');
INSERT INTO `student` VALUES (611, '20200611', '广傲', '女', '19852816650', NULL, '2020-01-09 06:11:07', NULL, '2020');
INSERT INTO `student` VALUES (612, '20200612', '钦瑜素', '女', '15727824535', NULL, '2020-01-09 06:11:07', NULL, '2020');
INSERT INTO `student` VALUES (613, '20200613', '连淩锡', '男', '15063066229', NULL, '2020-01-09 06:11:07', NULL, '2020');
INSERT INTO `student` VALUES (614, '20200614', '万勖丰', '男', '18481640969', NULL, '2020-01-09 06:11:07', NULL, '2020');
INSERT INTO `student` VALUES (615, '20200615', '夔闯', '男', '15158750333', NULL, '2020-01-09 06:11:07', NULL, '2020');
INSERT INTO `student` VALUES (616, '20200616', '胡霖', '女', '19161779853', NULL, '2020-01-09 06:11:07', NULL, '2020');
INSERT INTO `student` VALUES (617, '20200617', '缪岐', '男', '18160617341', NULL, '2020-01-09 06:11:07', NULL, '2020');
INSERT INTO `student` VALUES (618, '20200618', '程晋淋', '女', '18414983117', NULL, '2020-01-09 06:11:07', NULL, '2020');
INSERT INTO `student` VALUES (619, '20200619', '朱隰', '女', '13281548442', NULL, '2020-01-09 06:11:07', NULL, '2020');
INSERT INTO `student` VALUES (620, '20200620', '段凯', '女', '17279799724', NULL, '2020-01-09 06:11:07', NULL, '2020');
INSERT INTO `student` VALUES (621, '20200621', '归七倾', '男', '13169088864', NULL, '2020-01-09 06:11:07', NULL, '2020');
INSERT INTO `student` VALUES (622, '20200622', '廉骘', '女', '15267081736', NULL, '2020-01-09 06:11:07', NULL, '2020');
INSERT INTO `student` VALUES (623, '20200623', '衡孚', '男', '19198259044', NULL, '2020-01-09 06:11:07', NULL, '2020');
INSERT INTO `student` VALUES (624, '20200624', '闾丘禾梅', '女', '13832810297', NULL, '2020-01-09 06:11:07', NULL, '2020');
INSERT INTO `student` VALUES (625, '20200625', '党洋', '女', '13314757096', NULL, '2020-01-09 06:11:07', NULL, '2020');
INSERT INTO `student` VALUES (626, '20200626', '高远', '男', '15748603494', NULL, '2020-01-09 06:11:07', NULL, '2020');
INSERT INTO `student` VALUES (627, '20200627', '乌邦', '女', '15559545054', NULL, '2020-01-09 06:11:07', NULL, '2020');
INSERT INTO `student` VALUES (628, '20200628', '仉卿', '男', '15967498361', NULL, '2020-01-09 06:11:07', NULL, '2020');
INSERT INTO `student` VALUES (629, '20200629', '岑坤', '男', '15146961267', NULL, '2020-01-09 06:11:07', NULL, '2020');
INSERT INTO `student` VALUES (630, '20200630', '路抱变', '男', '13287366488', NULL, '2020-01-09 06:11:07', NULL, '2020');
INSERT INTO `student` VALUES (631, '20200631', '伯薇', '男', '17639812112', NULL, '2020-01-09 06:11:07', NULL, '2020');
INSERT INTO `student` VALUES (632, '20200632', '海筱', '女', '18066574537', NULL, '2020-01-09 06:11:07', NULL, '2020');
INSERT INTO `student` VALUES (633, '20200633', '梁丘蔼弈', '男', '15905699036', NULL, '2020-01-09 06:11:07', NULL, '2020');
INSERT INTO `student` VALUES (634, '20200634', '顾亮', '女', '15098420487', NULL, '2020-01-09 06:11:07', NULL, '2020');
INSERT INTO `student` VALUES (635, '20200635', '元孔', '女', '13111900752', NULL, '2020-01-09 06:11:07', NULL, '2020');
INSERT INTO `student` VALUES (636, '20200636', '幸言', '男', '18229700127', NULL, '2020-01-09 06:11:07', NULL, '2020');
INSERT INTO `student` VALUES (637, '20200637', '梅越丹', '男', '18789655376', NULL, '2020-01-09 06:11:07', NULL, '2020');
INSERT INTO `student` VALUES (638, '20200638', '颛孙伲旎', '男', '15222707785', NULL, '2020-01-09 06:11:07', NULL, '2020');
INSERT INTO `student` VALUES (639, '20200639', '饶珞先', '男', '17505667887', NULL, '2020-01-09 06:11:07', NULL, '2020');
INSERT INTO `student` VALUES (640, '20200640', '燕潇', '男', '19948039401', NULL, '2020-01-09 06:11:07', NULL, '2020');
INSERT INTO `student` VALUES (641, '20200641', '广滇', '男', '15895728921', NULL, '2020-01-09 06:11:07', NULL, '2020');
INSERT INTO `student` VALUES (642, '20200642', '隗荬嫩', '女', '15130272572', NULL, '2020-01-09 06:11:07', NULL, '2020');
INSERT INTO `student` VALUES (643, '20200643', '吉本', '女', '18378417686', NULL, '2020-01-09 06:11:07', NULL, '2020');
INSERT INTO `student` VALUES (644, '20200644', '穆淑婴', '女', '13867540533', NULL, '2020-01-09 06:11:08', NULL, '2020');
INSERT INTO `student` VALUES (645, '20200645', '戎妃', '女', '13844227745', NULL, '2020-01-09 06:11:08', NULL, '2020');
INSERT INTO `student` VALUES (646, '20200646', '宇文百', '男', '17806715640', NULL, '2020-01-09 06:11:08', NULL, '2020');
INSERT INTO `student` VALUES (647, '20200647', '师坦', '男', '17510726620', NULL, '2020-01-09 06:11:08', NULL, '2020');
INSERT INTO `student` VALUES (648, '20200648', '赖邺', '男', '19867486968', NULL, '2020-01-09 06:11:08', NULL, '2020');
INSERT INTO `student` VALUES (649, '20200649', '仲孙旨朵', '男', '14791268320', NULL, '2020-01-09 06:11:08', NULL, '2020');
INSERT INTO `student` VALUES (650, '20200650', '晁恭', '男', '17257649697', NULL, '2020-01-09 06:11:08', NULL, '2020');
INSERT INTO `student` VALUES (651, '20200651', '束化', '女', '18823313395', NULL, '2020-01-09 06:11:08', NULL, '2020');
INSERT INTO `student` VALUES (652, '20200652', '穆菊', '男', '13162978262', NULL, '2020-01-09 06:11:08', NULL, '2020');
INSERT INTO `student` VALUES (653, '20200653', '解瑞', '男', '14701004315', NULL, '2020-01-09 06:11:08', NULL, '2020');
INSERT INTO `student` VALUES (654, '20200654', '栾仕', '男', '19336799859', NULL, '2020-01-09 06:11:08', NULL, '2020');
INSERT INTO `student` VALUES (655, '20200655', '梅茂容', '男', '15351706802', NULL, '2020-01-09 06:11:08', NULL, '2020');
INSERT INTO `student` VALUES (656, '20200656', '万菽', '女', '17241214833', NULL, '2020-01-09 06:11:08', NULL, '2020');
INSERT INTO `student` VALUES (657, '20200657', '庄美铭', '男', '16657603784', NULL, '2020-01-09 06:11:08', NULL, '2020');
INSERT INTO `student` VALUES (658, '20200658', '尚悠', '男', '17699942129', NULL, '2020-01-09 06:11:08', NULL, '2020');
INSERT INTO `student` VALUES (659, '20200659', '石古鸯', '女', '17267866745', NULL, '2020-01-09 06:11:08', NULL, '2020');
INSERT INTO `student` VALUES (660, '20200660', '邓凝彬', '女', '13750254071', NULL, '2020-01-09 06:11:08', NULL, '2020');
INSERT INTO `student` VALUES (661, '20200661', '鲍驿', '男', '17574078427', NULL, '2020-01-09 06:11:08', NULL, '2020');
INSERT INTO `student` VALUES (662, '20200662', '暴隶鄘', '男', '17368518558', NULL, '2020-01-09 06:11:08', NULL, '2020');
INSERT INTO `student` VALUES (663, '20200663', '苗纯珊', '女', '18618887151', NULL, '2020-01-09 06:11:08', NULL, '2020');
INSERT INTO `student` VALUES (664, '20200664', '宦玲', '女', '13634339699', NULL, '2020-01-09 06:11:08', NULL, '2020');
INSERT INTO `student` VALUES (665, '20200665', '袁黎璞', '男', '13282020600', NULL, '2020-01-09 06:11:08', NULL, '2020');
INSERT INTO `student` VALUES (666, '20200666', '厉育言', '女', '13197273068', NULL, '2020-01-09 06:11:08', NULL, '2020');
INSERT INTO `student` VALUES (667, '20200667', '乐正墙', '女', '15044185240', NULL, '2020-01-09 06:11:08', NULL, '2020');
INSERT INTO `student` VALUES (668, '20200668', '徐语', '男', '15976587935', NULL, '2020-01-09 06:11:08', NULL, '2020');
INSERT INTO `student` VALUES (669, '20200669', '卓渤铧', '男', '15231338739', NULL, '2020-01-09 06:11:08', NULL, '2020');
INSERT INTO `student` VALUES (670, '20200670', '阮瀅', '女', '13855024656', NULL, '2020-01-09 06:11:08', NULL, '2020');
INSERT INTO `student` VALUES (671, '20200671', '米宛', '男', '13035372687', NULL, '2020-01-09 06:11:08', NULL, '2020');
INSERT INTO `student` VALUES (672, '20200672', '萧昭茂', '男', '19356968349', NULL, '2020-01-09 06:11:08', NULL, '2020');
INSERT INTO `student` VALUES (673, '20200673', '阙钏', '女', '15234116118', NULL, '2020-01-09 06:11:08', NULL, '2020');
INSERT INTO `student` VALUES (674, '20200674', '子车茧姥', '男', '17770628036', NULL, '2020-01-09 06:11:08', NULL, '2020');
INSERT INTO `student` VALUES (675, '20200675', '吕璃', '女', '18123859013', NULL, '2020-01-09 06:11:08', NULL, '2020');
INSERT INTO `student` VALUES (676, '20200676', '尚东玉', '女', '19383005465', NULL, '2020-01-09 06:11:09', NULL, '2020');
INSERT INTO `student` VALUES (677, '20200677', '宇文謇', '女', '18770535604', NULL, '2020-01-09 06:11:09', NULL, '2020');
INSERT INTO `student` VALUES (678, '20200678', '伍旎田', '女', '15998222480', NULL, '2020-01-09 06:11:09', NULL, '2020');
INSERT INTO `student` VALUES (679, '20200679', '翁濠', '女', '18721458495', NULL, '2020-01-09 06:11:09', NULL, '2020');
INSERT INTO `student` VALUES (680, '20200680', '郤谦具', '女', '17878857142', NULL, '2020-01-09 06:11:09', NULL, '2020');
INSERT INTO `student` VALUES (681, '20200681', '堵胜', '男', '13825955277', NULL, '2020-01-09 06:11:09', NULL, '2020');
INSERT INTO `student` VALUES (682, '20200682', '胥薛', '女', '18959140789', NULL, '2020-01-09 06:11:09', NULL, '2020');
INSERT INTO `student` VALUES (683, '20200683', '琴瑗', '女', '15287963381', NULL, '2020-01-09 06:11:09', NULL, '2020');
INSERT INTO `student` VALUES (684, '20200684', '季若', '男', '18947824509', NULL, '2020-01-09 06:11:09', NULL, '2020');
INSERT INTO `student` VALUES (685, '20200685', '秦鸾粮', '男', '13385437455', NULL, '2020-01-09 06:11:09', NULL, '2020');
INSERT INTO `student` VALUES (686, '20200686', '养寒', '女', '16672295722', NULL, '2020-01-09 06:11:09', NULL, '2020');
INSERT INTO `student` VALUES (687, '20200687', '苗卫', '女', '15266141473', NULL, '2020-01-09 06:11:09', NULL, '2020');
INSERT INTO `student` VALUES (688, '20200688', '籍柯岩', '男', '17239192620', NULL, '2020-01-09 06:11:09', NULL, '2020');
INSERT INTO `student` VALUES (689, '20200689', '羊舌埋理', '男', '19975997831', NULL, '2020-01-09 06:11:09', NULL, '2020');
INSERT INTO `student` VALUES (690, '20200690', '邵妙娴', '男', '18878666978', NULL, '2020-01-09 06:11:09', NULL, '2020');
INSERT INTO `student` VALUES (691, '20200691', '殳絮', '女', '15673992782', NULL, '2020-01-09 06:11:09', NULL, '2020');
INSERT INTO `student` VALUES (692, '20200692', '钭莹', '男', '13864005089', NULL, '2020-01-09 06:11:09', NULL, '2020');
INSERT INTO `student` VALUES (693, '20200693', '酆囡麦', '男', '17561885460', NULL, '2020-01-09 06:11:09', NULL, '2020');
INSERT INTO `student` VALUES (694, '20200694', '欧坎', '女', '13601696783', NULL, '2020-01-09 06:11:09', NULL, '2020');
INSERT INTO `student` VALUES (695, '20200695', '冀灵', '男', '13204941744', NULL, '2020-01-09 06:11:09', NULL, '2020');
INSERT INTO `student` VALUES (696, '20200696', '广凝', '男', '13882449528', NULL, '2020-01-09 06:11:09', NULL, '2020');
INSERT INTO `student` VALUES (697, '20200697', '苏匠', '男', '13604642424', NULL, '2020-01-09 06:11:09', NULL, '2020');
INSERT INTO `student` VALUES (698, '20200698', '匡沁', '男', '19905865261', NULL, '2020-01-09 06:11:09', NULL, '2020');
INSERT INTO `student` VALUES (699, '20200699', '颜卓', '女', '15612366555', NULL, '2020-01-09 06:11:09', NULL, '2020');
INSERT INTO `student` VALUES (700, '20200700', '空嶽信', '男', '13755225834', NULL, '2020-01-09 06:11:09', NULL, '2020');
INSERT INTO `student` VALUES (701, '20200701', '爱芷承', '男', '19885323291', NULL, '2020-01-09 06:11:09', NULL, '2020');

-- ----------------------------
-- Table structure for tc_relation
-- ----------------------------
DROP TABLE IF EXISTS `tc_relation`;
CREATE TABLE `tc_relation`  (
  `tcr_id` int(11) NOT NULL AUTO_INCREMENT COMMENT 'ID',
  `tcr_teacher_id` int(11) NULL DEFAULT NULL COMMENT '院系下的教师的ID',
  `tcr_college_id` int(11) NULL DEFAULT NULL COMMENT '院系ID',
  PRIMARY KEY (`tcr_id`) USING BTREE
) ENGINE = InnoDB AUTO_INCREMENT = 302 CHARACTER SET = utf8 COLLATE = utf8_general_ci ROW_FORMAT = Dynamic;

-- ----------------------------
-- Records of tc_relation
-- ----------------------------
INSERT INTO `tc_relation` VALUES (1, 1, 3);
INSERT INTO `tc_relation` VALUES (2, 2, 1);
INSERT INTO `tc_relation` VALUES (3, 3, 1);
INSERT INTO `tc_relation` VALUES (4, 4, 2);
INSERT INTO `tc_relation` VALUES (5, 5, 1);
INSERT INTO `tc_relation` VALUES (6, 6, 1);
INSERT INTO `tc_relation` VALUES (7, 7, 2);
INSERT INTO `tc_relation` VALUES (8, 8, 1);
INSERT INTO `tc_relation` VALUES (9, 9, 3);
INSERT INTO `tc_relation` VALUES (10, 10, 3);
INSERT INTO `tc_relation` VALUES (11, 11, 3);
INSERT INTO `tc_relation` VALUES (12, 12, 2);
INSERT INTO `tc_relation` VALUES (13, 13, 1);
INSERT INTO `tc_relation` VALUES (14, 14, 3);
INSERT INTO `tc_relation` VALUES (15, 15, 1);
INSERT INTO `tc_relation` VALUES (16, 16, 2);
INSERT INTO `tc_relation` VALUES (17, 17, 1);
INSERT INTO `tc_relation` VALUES (18, 18, 1);
INSERT INTO `tc_relation` VALUES (19, 19, 1);
INSERT INTO `tc_relation` VALUES (20, 20, 3);
INSERT INTO `tc_relation` VALUES (21, 21, 2);
INSERT INTO `tc_relation` VALUES (22, 22, 1);
INSERT INTO `tc_relation` VALUES (23, 23, 3);
INSERT INTO `tc_relation` VALUES (24, 24, 3);
INSERT INTO `tc_relation` VALUES (25, 25, 1);
INSERT INTO `tc_relation` VALUES (26, 26, 2);
INSERT INTO `tc_relation` VALUES (27, 27, 3);
INSERT INTO `tc_relation` VALUES (28, 28, 3);
INSERT INTO `tc_relation` VALUES (29, 29, 1);
INSERT INTO `tc_relation` VALUES (30, 30, 1);
INSERT INTO `tc_relation` VALUES (31, 31, 3);
INSERT INTO `tc_relation` VALUES (32, 32, 2);
INSERT INTO `tc_relation` VALUES (33, 33, 1);
INSERT INTO `tc_relation` VALUES (34, 34, 1);
INSERT INTO `tc_relation` VALUES (35, 35, 1);
INSERT INTO `tc_relation` VALUES (36, 36, 3);
INSERT INTO `tc_relation` VALUES (37, 37, 3);
INSERT INTO `tc_relation` VALUES (38, 38, 3);
INSERT INTO `tc_relation` VALUES (39, 39, 2);
INSERT INTO `tc_relation` VALUES (40, 40, 2);
INSERT INTO `tc_relation` VALUES (41, 41, 3);
INSERT INTO `tc_relation` VALUES (42, 42, 3);
INSERT INTO `tc_relation` VALUES (43, 43, 2);
INSERT INTO `tc_relation` VALUES (44, 44, 1);
INSERT INTO `tc_relation` VALUES (45, 45, 2);
INSERT INTO `tc_relation` VALUES (46, 46, 1);
INSERT INTO `tc_relation` VALUES (47, 47, 2);
INSERT INTO `tc_relation` VALUES (48, 48, 3);
INSERT INTO `tc_relation` VALUES (49, 49, 3);
INSERT INTO `tc_relation` VALUES (50, 50, 1);
INSERT INTO `tc_relation` VALUES (51, 51, 1);
INSERT INTO `tc_relation` VALUES (52, 52, 2);
INSERT INTO `tc_relation` VALUES (53, 53, 1);
INSERT INTO `tc_relation` VALUES (54, 54, 1);
INSERT INTO `tc_relation` VALUES (55, 55, 3);
INSERT INTO `tc_relation` VALUES (56, 56, 1);
INSERT INTO `tc_relation` VALUES (57, 57, 3);
INSERT INTO `tc_relation` VALUES (58, 58, 3);
INSERT INTO `tc_relation` VALUES (59, 59, 2);
INSERT INTO `tc_relation` VALUES (60, 60, 1);
INSERT INTO `tc_relation` VALUES (61, 61, 3);
INSERT INTO `tc_relation` VALUES (62, 62, 3);
INSERT INTO `tc_relation` VALUES (63, 63, 1);
INSERT INTO `tc_relation` VALUES (64, 64, 2);
INSERT INTO `tc_relation` VALUES (65, 65, 1);
INSERT INTO `tc_relation` VALUES (66, 66, 3);
INSERT INTO `tc_relation` VALUES (67, 67, 2);
INSERT INTO `tc_relation` VALUES (68, 68, 3);
INSERT INTO `tc_relation` VALUES (69, 69, 1);
INSERT INTO `tc_relation` VALUES (70, 70, 3);
INSERT INTO `tc_relation` VALUES (71, 71, 2);
INSERT INTO `tc_relation` VALUES (72, 72, 3);
INSERT INTO `tc_relation` VALUES (73, 73, 1);
INSERT INTO `tc_relation` VALUES (74, 74, 1);
INSERT INTO `tc_relation` VALUES (75, 75, 1);
INSERT INTO `tc_relation` VALUES (76, 76, 1);
INSERT INTO `tc_relation` VALUES (77, 77, 1);
INSERT INTO `tc_relation` VALUES (78, 78, 1);
INSERT INTO `tc_relation` VALUES (79, 79, 1);
INSERT INTO `tc_relation` VALUES (80, 80, 3);
INSERT INTO `tc_relation` VALUES (81, 81, 1);
INSERT INTO `tc_relation` VALUES (82, 82, 3);
INSERT INTO `tc_relation` VALUES (83, 83, 3);
INSERT INTO `tc_relation` VALUES (84, 84, 1);
INSERT INTO `tc_relation` VALUES (85, 85, 3);
INSERT INTO `tc_relation` VALUES (86, 86, 3);
INSERT INTO `tc_relation` VALUES (87, 87, 2);
INSERT INTO `tc_relation` VALUES (88, 88, 3);
INSERT INTO `tc_relation` VALUES (89, 89, 3);
INSERT INTO `tc_relation` VALUES (90, 90, 3);
INSERT INTO `tc_relation` VALUES (91, 91, 1);
INSERT INTO `tc_relation` VALUES (92, 92, 3);
INSERT INTO `tc_relation` VALUES (93, 93, 2);
INSERT INTO `tc_relation` VALUES (94, 94, 3);
INSERT INTO `tc_relation` VALUES (95, 95, 2);
INSERT INTO `tc_relation` VALUES (96, 96, 3);
INSERT INTO `tc_relation` VALUES (97, 97, 1);
INSERT INTO `tc_relation` VALUES (98, 98, 3);
INSERT INTO `tc_relation` VALUES (99, 99, 2);
INSERT INTO `tc_relation` VALUES (100, 100, 2);
INSERT INTO `tc_relation` VALUES (101, 101, 1);
INSERT INTO `tc_relation` VALUES (102, 102, 1);
INSERT INTO `tc_relation` VALUES (103, 103, 3);
INSERT INTO `tc_relation` VALUES (104, 104, 1);
INSERT INTO `tc_relation` VALUES (105, 105, 2);
INSERT INTO `tc_relation` VALUES (106, 106, 1);
INSERT INTO `tc_relation` VALUES (107, 107, 2);
INSERT INTO `tc_relation` VALUES (108, 108, 1);
INSERT INTO `tc_relation` VALUES (109, 109, 1);
INSERT INTO `tc_relation` VALUES (110, 110, 3);
INSERT INTO `tc_relation` VALUES (111, 111, 3);
INSERT INTO `tc_relation` VALUES (112, 112, 3);
INSERT INTO `tc_relation` VALUES (113, 113, 2);
INSERT INTO `tc_relation` VALUES (114, 114, 1);
INSERT INTO `tc_relation` VALUES (115, 115, 3);
INSERT INTO `tc_relation` VALUES (116, 116, 1);
INSERT INTO `tc_relation` VALUES (117, 117, 2);
INSERT INTO `tc_relation` VALUES (118, 118, 2);
INSERT INTO `tc_relation` VALUES (119, 119, 3);
INSERT INTO `tc_relation` VALUES (120, 120, 3);
INSERT INTO `tc_relation` VALUES (121, 121, 1);
INSERT INTO `tc_relation` VALUES (122, 122, 3);
INSERT INTO `tc_relation` VALUES (123, 123, 1);
INSERT INTO `tc_relation` VALUES (124, 124, 2);
INSERT INTO `tc_relation` VALUES (125, 125, 1);
INSERT INTO `tc_relation` VALUES (126, 126, 1);
INSERT INTO `tc_relation` VALUES (127, 127, 1);
INSERT INTO `tc_relation` VALUES (128, 128, 1);
INSERT INTO `tc_relation` VALUES (129, 129, 2);
INSERT INTO `tc_relation` VALUES (130, 130, 1);
INSERT INTO `tc_relation` VALUES (131, 131, 2);
INSERT INTO `tc_relation` VALUES (132, 132, 3);
INSERT INTO `tc_relation` VALUES (133, 133, 1);
INSERT INTO `tc_relation` VALUES (134, 134, 3);
INSERT INTO `tc_relation` VALUES (135, 135, 3);
INSERT INTO `tc_relation` VALUES (136, 136, 1);
INSERT INTO `tc_relation` VALUES (137, 137, 3);
INSERT INTO `tc_relation` VALUES (138, 138, 2);
INSERT INTO `tc_relation` VALUES (139, 139, 3);
INSERT INTO `tc_relation` VALUES (140, 140, 1);
INSERT INTO `tc_relation` VALUES (141, 141, 1);
INSERT INTO `tc_relation` VALUES (142, 142, 2);
INSERT INTO `tc_relation` VALUES (143, 143, 2);
INSERT INTO `tc_relation` VALUES (144, 144, 3);
INSERT INTO `tc_relation` VALUES (145, 145, 2);
INSERT INTO `tc_relation` VALUES (146, 146, 1);
INSERT INTO `tc_relation` VALUES (147, 147, 2);
INSERT INTO `tc_relation` VALUES (148, 148, 1);
INSERT INTO `tc_relation` VALUES (149, 149, 1);
INSERT INTO `tc_relation` VALUES (150, 150, 1);
INSERT INTO `tc_relation` VALUES (151, 151, 2);
INSERT INTO `tc_relation` VALUES (152, 152, 1);
INSERT INTO `tc_relation` VALUES (153, 153, 1);
INSERT INTO `tc_relation` VALUES (154, 154, 3);
INSERT INTO `tc_relation` VALUES (155, 155, 2);
INSERT INTO `tc_relation` VALUES (156, 156, 3);
INSERT INTO `tc_relation` VALUES (157, 157, 2);
INSERT INTO `tc_relation` VALUES (158, 158, 2);
INSERT INTO `tc_relation` VALUES (159, 159, 2);
INSERT INTO `tc_relation` VALUES (160, 160, 1);
INSERT INTO `tc_relation` VALUES (161, 161, 2);
INSERT INTO `tc_relation` VALUES (162, 162, 3);
INSERT INTO `tc_relation` VALUES (163, 163, 3);
INSERT INTO `tc_relation` VALUES (164, 164, 1);
INSERT INTO `tc_relation` VALUES (165, 165, 2);
INSERT INTO `tc_relation` VALUES (166, 166, 2);
INSERT INTO `tc_relation` VALUES (167, 167, 2);
INSERT INTO `tc_relation` VALUES (168, 168, 1);
INSERT INTO `tc_relation` VALUES (169, 169, 1);
INSERT INTO `tc_relation` VALUES (170, 170, 3);
INSERT INTO `tc_relation` VALUES (171, 171, 3);
INSERT INTO `tc_relation` VALUES (172, 172, 3);
INSERT INTO `tc_relation` VALUES (173, 173, 2);
INSERT INTO `tc_relation` VALUES (174, 174, 1);
INSERT INTO `tc_relation` VALUES (175, 175, 2);
INSERT INTO `tc_relation` VALUES (176, 176, 2);
INSERT INTO `tc_relation` VALUES (177, 177, 1);
INSERT INTO `tc_relation` VALUES (178, 178, 3);
INSERT INTO `tc_relation` VALUES (179, 179, 3);
INSERT INTO `tc_relation` VALUES (180, 180, 1);
INSERT INTO `tc_relation` VALUES (181, 181, 3);
INSERT INTO `tc_relation` VALUES (182, 182, 3);
INSERT INTO `tc_relation` VALUES (183, 183, 1);
INSERT INTO `tc_relation` VALUES (184, 184, 2);
INSERT INTO `tc_relation` VALUES (185, 185, 3);
INSERT INTO `tc_relation` VALUES (186, 186, 2);
INSERT INTO `tc_relation` VALUES (187, 187, 2);
INSERT INTO `tc_relation` VALUES (188, 188, 3);
INSERT INTO `tc_relation` VALUES (189, 189, 3);
INSERT INTO `tc_relation` VALUES (190, 190, 1);
INSERT INTO `tc_relation` VALUES (191, 191, 2);
INSERT INTO `tc_relation` VALUES (192, 192, 3);
INSERT INTO `tc_relation` VALUES (193, 193, 3);
INSERT INTO `tc_relation` VALUES (194, 194, 1);
INSERT INTO `tc_relation` VALUES (195, 195, 1);
INSERT INTO `tc_relation` VALUES (196, 196, 1);
INSERT INTO `tc_relation` VALUES (197, 197, 2);
INSERT INTO `tc_relation` VALUES (198, 198, 3);
INSERT INTO `tc_relation` VALUES (199, 199, 3);
INSERT INTO `tc_relation` VALUES (200, 200, 2);
INSERT INTO `tc_relation` VALUES (201, 201, 3);
INSERT INTO `tc_relation` VALUES (202, 202, 1);
INSERT INTO `tc_relation` VALUES (203, 203, 1);
INSERT INTO `tc_relation` VALUES (204, 204, 1);
INSERT INTO `tc_relation` VALUES (205, 205, 2);
INSERT INTO `tc_relation` VALUES (206, 206, 3);
INSERT INTO `tc_relation` VALUES (207, 207, 3);
INSERT INTO `tc_relation` VALUES (208, 208, 1);
INSERT INTO `tc_relation` VALUES (209, 209, 2);
INSERT INTO `tc_relation` VALUES (210, 210, 3);
INSERT INTO `tc_relation` VALUES (211, 211, 2);
INSERT INTO `tc_relation` VALUES (212, 212, 3);
INSERT INTO `tc_relation` VALUES (213, 213, 1);
INSERT INTO `tc_relation` VALUES (214, 214, 3);
INSERT INTO `tc_relation` VALUES (215, 215, 1);
INSERT INTO `tc_relation` VALUES (216, 216, 3);
INSERT INTO `tc_relation` VALUES (217, 217, 2);
INSERT INTO `tc_relation` VALUES (218, 218, 3);
INSERT INTO `tc_relation` VALUES (219, 219, 1);
INSERT INTO `tc_relation` VALUES (220, 220, 3);
INSERT INTO `tc_relation` VALUES (221, 221, 2);
INSERT INTO `tc_relation` VALUES (222, 222, 3);
INSERT INTO `tc_relation` VALUES (223, 223, 2);
INSERT INTO `tc_relation` VALUES (224, 224, 3);
INSERT INTO `tc_relation` VALUES (225, 225, 2);
INSERT INTO `tc_relation` VALUES (226, 226, 3);
INSERT INTO `tc_relation` VALUES (227, 227, 2);
INSERT INTO `tc_relation` VALUES (228, 228, 2);
INSERT INTO `tc_relation` VALUES (229, 229, 3);
INSERT INTO `tc_relation` VALUES (230, 230, 3);
INSERT INTO `tc_relation` VALUES (231, 231, 3);
INSERT INTO `tc_relation` VALUES (232, 232, 2);
INSERT INTO `tc_relation` VALUES (233, 233, 1);
INSERT INTO `tc_relation` VALUES (234, 234, 2);
INSERT INTO `tc_relation` VALUES (235, 235, 1);
INSERT INTO `tc_relation` VALUES (236, 236, 2);
INSERT INTO `tc_relation` VALUES (237, 237, 2);
INSERT INTO `tc_relation` VALUES (238, 238, 2);
INSERT INTO `tc_relation` VALUES (239, 239, 1);
INSERT INTO `tc_relation` VALUES (240, 240, 2);
INSERT INTO `tc_relation` VALUES (241, 241, 3);
INSERT INTO `tc_relation` VALUES (242, 242, 3);
INSERT INTO `tc_relation` VALUES (243, 243, 2);
INSERT INTO `tc_relation` VALUES (244, 244, 1);
INSERT INTO `tc_relation` VALUES (245, 245, 3);
INSERT INTO `tc_relation` VALUES (246, 246, 2);
INSERT INTO `tc_relation` VALUES (247, 247, 1);
INSERT INTO `tc_relation` VALUES (248, 248, 2);
INSERT INTO `tc_relation` VALUES (249, 249, 3);
INSERT INTO `tc_relation` VALUES (250, 250, 2);
INSERT INTO `tc_relation` VALUES (251, 251, 3);
INSERT INTO `tc_relation` VALUES (252, 252, 2);
INSERT INTO `tc_relation` VALUES (253, 253, 1);
INSERT INTO `tc_relation` VALUES (254, 254, 3);
INSERT INTO `tc_relation` VALUES (255, 255, 3);
INSERT INTO `tc_relation` VALUES (256, 256, 3);
INSERT INTO `tc_relation` VALUES (257, 257, 2);
INSERT INTO `tc_relation` VALUES (258, 258, 2);
INSERT INTO `tc_relation` VALUES (259, 259, 1);
INSERT INTO `tc_relation` VALUES (260, 260, 1);
INSERT INTO `tc_relation` VALUES (261, 261, 1);
INSERT INTO `tc_relation` VALUES (262, 262, 2);
INSERT INTO `tc_relation` VALUES (263, 263, 2);
INSERT INTO `tc_relation` VALUES (264, 264, 2);
INSERT INTO `tc_relation` VALUES (265, 265, 2);
INSERT INTO `tc_relation` VALUES (266, 266, 2);
INSERT INTO `tc_relation` VALUES (267, 267, 1);
INSERT INTO `tc_relation` VALUES (268, 268, 3);
INSERT INTO `tc_relation` VALUES (269, 269, 3);
INSERT INTO `tc_relation` VALUES (270, 270, 1);
INSERT INTO `tc_relation` VALUES (271, 271, 3);
INSERT INTO `tc_relation` VALUES (272, 272, 2);
INSERT INTO `tc_relation` VALUES (273, 273, 1);
INSERT INTO `tc_relation` VALUES (274, 274, 3);
INSERT INTO `tc_relation` VALUES (275, 275, 2);
INSERT INTO `tc_relation` VALUES (276, 276, 1);
INSERT INTO `tc_relation` VALUES (277, 277, 2);
INSERT INTO `tc_relation` VALUES (278, 278, 1);
INSERT INTO `tc_relation` VALUES (279, 279, 2);
INSERT INTO `tc_relation` VALUES (280, 280, 3);
INSERT INTO `tc_relation` VALUES (281, 281, 1);
INSERT INTO `tc_relation` VALUES (282, 282, 3);
INSERT INTO `tc_relation` VALUES (283, 283, 3);
INSERT INTO `tc_relation` VALUES (284, 284, 2);
INSERT INTO `tc_relation` VALUES (285, 285, 3);
INSERT INTO `tc_relation` VALUES (286, 286, 2);
INSERT INTO `tc_relation` VALUES (287, 287, 1);
INSERT INTO `tc_relation` VALUES (288, 288, 1);
INSERT INTO `tc_relation` VALUES (289, 289, 2);
INSERT INTO `tc_relation` VALUES (290, 290, 2);
INSERT INTO `tc_relation` VALUES (291, 291, 3);
INSERT INTO `tc_relation` VALUES (292, 292, 3);
INSERT INTO `tc_relation` VALUES (293, 293, 3);
INSERT INTO `tc_relation` VALUES (294, 294, 1);
INSERT INTO `tc_relation` VALUES (295, 295, 3);
INSERT INTO `tc_relation` VALUES (296, 296, 2);
INSERT INTO `tc_relation` VALUES (297, 297, 3);
INSERT INTO `tc_relation` VALUES (298, 298, 1);
INSERT INTO `tc_relation` VALUES (299, 299, 2);
INSERT INTO `tc_relation` VALUES (300, 300, 3);
INSERT INTO `tc_relation` VALUES (301, 301, 2);

-- ----------------------------
-- Table structure for teacher
-- ----------------------------
DROP TABLE IF EXISTS `teacher`;
CREATE TABLE `teacher`  (
  `t_id` int(11) NOT NULL AUTO_INCREMENT COMMENT 'ID，主键，自增',
  `t_account` varchar(13) CHARACTER SET utf8 COLLATE utf8_general_ci NOT NULL COMMENT '教职工账号',
  `t_name` varchar(13) CHARACTER SET utf8 COLLATE utf8_general_ci NOT NULL COMMENT '教师姓名',
  `t_password` varchar(255) CHARACTER SET utf8 COLLATE utf8_general_ci NOT NULL COMMENT '密码',
  `t_gender` varchar(1) CHARACTER SET utf8 COLLATE utf8_general_ci NOT NULL COMMENT '性别',
  `t_email` varchar(255) CHARACTER SET utf8 COLLATE utf8_general_ci NULL DEFAULT NULL COMMENT '电子邮箱',
  `t_tel` varchar(255) CHARACTER SET utf8 COLLATE utf8_general_ci NULL DEFAULT NULL COMMENT '电话号码',
  `t_remark` text CHARACTER SET utf8 COLLATE utf8_general_ci NULL COMMENT '备注信息',
  `t_joined_time` timestamp(0) NOT NULL DEFAULT CURRENT_TIMESTAMP COMMENT '入职时间',
  `t_update_time` timestamp(0) NULL DEFAULT NULL COMMENT '最近更新时间',
  PRIMARY KEY (`t_id`) USING BTREE
) ENGINE = InnoDB AUTO_INCREMENT = 302 CHARACTER SET = utf8 COLLATE = utf8_general_ci ROW_FORMAT = Dynamic;

-- ----------------------------
-- Records of teacher
-- ----------------------------
INSERT INTO `teacher` VALUES (1, '211048134', '测试用教师账号', '0', '男', '1209322690@qq.com', '18277365270', '仅用于测试！', '2020-01-09 18:07:55', '2020-01-09 06:09:57');
INSERT INTO `teacher` VALUES (2, '211048135', '束婉鹤', 'asd123456', '男', 'sq9e@gmail.net', '15778624915', NULL, '2020-01-09 18:10:37', NULL);
INSERT INTO `teacher` VALUES (3, '211048136', '乐璟璋', 'asd123456', '女', 'yqj@126.net', '18548965974', NULL, '2020-01-09 18:10:37', NULL);
INSERT INTO `teacher` VALUES (4, '211048137', '马逢', 'asd123456', '女', '89o@hotmail.uk', '15158104674', NULL, '2020-01-09 18:10:37', NULL);
INSERT INTO `teacher` VALUES (5, '211048138', '归鄃', 'asd123456', '男', 'nfo2esx@sina.org', '15849552308', NULL, '2020-01-09 18:10:37', NULL);
INSERT INTO `teacher` VALUES (6, '211048139', '吉弘安', 'asd123456', '男', 'cq9@sina.uk', '18527748435', NULL, '2020-01-09 18:10:37', NULL);
INSERT INTO `teacher` VALUES (7, '211048140', '和遐', 'asd123456', '女', 'dtl4bzz1@gmail.net', '13276561406', NULL, '2020-01-09 18:10:37', NULL);
INSERT INTO `teacher` VALUES (8, '211048141', '林娄', 'asd123456', '女', 'rvz7p@139.me', '15309197839', NULL, '2020-01-09 18:10:37', NULL);
INSERT INTO `teacher` VALUES (9, '211048142', '梁丘利', 'asd123456', '女', 'vb8j@163.com', '15908357295', NULL, '2020-01-09 18:10:37', NULL);
INSERT INTO `teacher` VALUES (10, '211048143', '辛东', 'asd123456', '男', 'xayor@hotmail.org', '15066541766', NULL, '2020-01-09 18:10:37', NULL);
INSERT INTO `teacher` VALUES (11, '211048144', '巩基', 'asd123456', '男', 'j38k@126.net', '13276485030', NULL, '2020-01-09 18:10:37', NULL);
INSERT INTO `teacher` VALUES (12, '211048145', '乌蝉骘', 'asd123456', '女', 'jvb5hq@hotmail.club', '13077981381', NULL, '2020-01-09 18:10:37', NULL);
INSERT INTO `teacher` VALUES (13, '211048146', '居保', 'asd123456', '男', 'yy7n0f@gmail.uk', '18686715782', NULL, '2020-01-09 18:10:37', NULL);
INSERT INTO `teacher` VALUES (14, '211048147', '诸碧', 'asd123456', '男', 'wpmfvud2j@gmail.org', '18851933499', NULL, '2020-01-09 18:10:38', NULL);
INSERT INTO `teacher` VALUES (15, '211048148', '宋棋', 'asd123456', '女', 'm5bb5g@126.uk', '19194800377', NULL, '2020-01-09 18:10:38', NULL);
INSERT INTO `teacher` VALUES (16, '211048149', '桑万荧', 'asd123456', '男', 'vqbrhzzmsm@outlook.me', '13657184268', NULL, '2020-01-09 18:10:38', NULL);
INSERT INTO `teacher` VALUES (17, '211048150', '璩炎', 'asd123456', '男', 'men32m@hotmail.edu', '17578773149', NULL, '2020-01-09 18:10:38', NULL);
INSERT INTO `teacher` VALUES (18, '211048151', '虞芊', 'asd123456', '男', 'hk73l@163.cn', '19912588293', NULL, '2020-01-09 18:10:38', NULL);
INSERT INTO `teacher` VALUES (19, '211048152', '鱼榕信', 'asd123456', '女', 'j9zej@gmail.org', '15587585935', NULL, '2020-01-09 18:10:38', NULL);
INSERT INTO `teacher` VALUES (20, '211048153', '庾鎛', 'asd123456', '女', 'nvpnn35@126.edu', '19327693611', NULL, '2020-01-09 18:10:38', NULL);
INSERT INTO `teacher` VALUES (21, '211048154', '曹宜', 'asd123456', '女', 'b95@126.org', '15652239731', NULL, '2020-01-09 18:10:38', NULL);
INSERT INTO `teacher` VALUES (22, '211048155', '汤蓝奕', 'asd123456', '女', 'tcpny@139.net', '19318774464', NULL, '2020-01-09 18:10:38', NULL);
INSERT INTO `teacher` VALUES (23, '211048156', '上官燕寒', 'asd123456', '女', 'fqrwh@163.net', '15209743995', NULL, '2020-01-09 18:10:38', NULL);
INSERT INTO `teacher` VALUES (24, '211048157', '韦菳筠', 'asd123456', '男', '0ciaun3@qq.cn', '16685124531', NULL, '2020-01-09 18:10:38', NULL);
INSERT INTO `teacher` VALUES (25, '211048158', '施玮绍', 'asd123456', '男', '044yy@yeah.net', '18150917485', NULL, '2020-01-09 18:10:38', NULL);
INSERT INTO `teacher` VALUES (26, '211048159', '水娉桃', 'asd123456', '女', 'sf3th@126.uk', '15091217969', NULL, '2020-01-09 18:10:38', NULL);
INSERT INTO `teacher` VALUES (27, '211048160', '裘莹', 'asd123456', '女', '1fip2ff@outlook.club', '13867225443', NULL, '2020-01-09 18:10:38', NULL);
INSERT INTO `teacher` VALUES (28, '211048161', '冀忠宝', 'asd123456', '男', 'ph7u@126.me', '19931036523', NULL, '2020-01-09 18:10:38', NULL);
INSERT INTO `teacher` VALUES (29, '211048162', '松欢瀚', 'asd123456', '男', 'kwo8vgsk@139.com', '19103639388', NULL, '2020-01-09 18:10:38', NULL);
INSERT INTO `teacher` VALUES (30, '211048163', '邬智', 'asd123456', '男', 'mt27@yeah.me', '15848956286', NULL, '2020-01-09 18:10:38', NULL);
INSERT INTO `teacher` VALUES (31, '211048164', '云丁宛', 'asd123456', '男', '0332xlh@hotmail.net', '15796626919', NULL, '2020-01-09 18:10:38', NULL);
INSERT INTO `teacher` VALUES (32, '211048165', '边笆', 'asd123456', '女', 'ynhqc@email.edu', '13362831709', NULL, '2020-01-09 18:10:38', NULL);
INSERT INTO `teacher` VALUES (33, '211048166', '莫穗', 'asd123456', '女', '51grwefc3f@gmail.cn', '17893750608', NULL, '2020-01-09 18:10:38', NULL);
INSERT INTO `teacher` VALUES (34, '211048167', '娄琛', 'asd123456', '女', 'tujw5@126.com', '15729673933', NULL, '2020-01-09 18:10:38', NULL);
INSERT INTO `teacher` VALUES (35, '211048168', '爱荷诗', 'asd123456', '女', '27sv5ub@139.com', '19386603947', NULL, '2020-01-09 18:10:38', NULL);
INSERT INTO `teacher` VALUES (36, '211048169', '贝瑜', 'asd123456', '女', 'c5kz9c7g@qq.net', '17627999235', NULL, '2020-01-09 18:10:38', NULL);
INSERT INTO `teacher` VALUES (37, '211048170', '傅婕', 'asd123456', '女', '8zqw@qq.uk', '19108802787', NULL, '2020-01-09 18:10:38', NULL);
INSERT INTO `teacher` VALUES (38, '211048171', '毕翼', 'asd123456', '女', '9jmz450@139.net', '19867082830', NULL, '2020-01-09 18:10:38', NULL);
INSERT INTO `teacher` VALUES (39, '211048172', '文飞', 'asd123456', '男', '0b9l@163.uk', '18487507964', NULL, '2020-01-09 18:10:38', NULL);
INSERT INTO `teacher` VALUES (40, '211048173', '居毅', 'asd123456', '女', 'xt25hd0s35@qq.edu', '13262088498', NULL, '2020-01-09 18:10:38', NULL);
INSERT INTO `teacher` VALUES (41, '211048174', '屈福闰', 'asd123456', '男', 'ggszx@gmail.club', '18625873017', NULL, '2020-01-09 18:10:39', NULL);
INSERT INTO `teacher` VALUES (42, '211048175', '巴乘膧', 'asd123456', '男', '8lsoacz@yeah.edu', '13017552828', NULL, '2020-01-09 18:10:39', NULL);
INSERT INTO `teacher` VALUES (43, '211048176', '伏业', 'asd123456', '男', '517y@163.net', '13259448985', NULL, '2020-01-09 18:10:39', NULL);
INSERT INTO `teacher` VALUES (44, '211048177', '公冶甑峥', 'asd123456', '女', '9uvhnsinjr@126.cn', '17740890278', NULL, '2020-01-09 18:10:39', NULL);
INSERT INTO `teacher` VALUES (45, '211048178', '汪麒', 'asd123456', '男', 'bpat66@yeah.uk', '15654903869', NULL, '2020-01-09 18:10:39', NULL);
INSERT INTO `teacher` VALUES (46, '211048179', '葛奠郢', 'asd123456', '男', '583y@hotmail.edu', '17264518035', NULL, '2020-01-09 18:10:39', NULL);
INSERT INTO `teacher` VALUES (47, '211048180', '焦诊锦', 'asd123456', '男', 's3opx0bf@yeah.org', '13231142035', NULL, '2020-01-09 18:10:39', NULL);
INSERT INTO `teacher` VALUES (48, '211048181', '封盈', 'asd123456', '男', '633g@email.club', '18712605608', NULL, '2020-01-09 18:10:39', NULL);
INSERT INTO `teacher` VALUES (49, '211048182', '乜沥鹦', 'asd123456', '男', 'viba53y@outlook.uk', '13760930285', NULL, '2020-01-09 18:10:39', NULL);
INSERT INTO `teacher` VALUES (50, '211048183', '暨旭炎', 'asd123456', '男', '7ne6@outlook.com', '15568079439', NULL, '2020-01-09 18:10:39', NULL);
INSERT INTO `teacher` VALUES (51, '211048184', '仲霜', 'asd123456', '女', '9vl8vnm@163.cn', '18613668533', NULL, '2020-01-09 18:10:39', NULL);
INSERT INTO `teacher` VALUES (52, '211048185', '谭佑攸', 'asd123456', '女', '64i6j@gmail.cn', '15725339370', NULL, '2020-01-09 18:10:39', NULL);
INSERT INTO `teacher` VALUES (53, '211048186', '阙冬', 'asd123456', '女', 'e8m4ewp@sina.cn', '17588324666', NULL, '2020-01-09 18:10:39', NULL);
INSERT INTO `teacher` VALUES (54, '211048187', '司空音', 'asd123456', '女', '1f833@126.org', '18612333125', NULL, '2020-01-09 18:10:39', NULL);
INSERT INTO `teacher` VALUES (55, '211048188', '欧阳昉', 'asd123456', '女', 'cozim44zaq@hotmail.cn', '13892195711', NULL, '2020-01-09 18:10:39', NULL);
INSERT INTO `teacher` VALUES (56, '211048189', '昌善俅', 'asd123456', '女', '874h@yeah.org', '13375124535', NULL, '2020-01-09 18:10:39', NULL);
INSERT INTO `teacher` VALUES (57, '211048190', '蔺攸港', 'asd123456', '男', 'guzgl@email.me', '18346466305', NULL, '2020-01-09 18:10:39', NULL);
INSERT INTO `teacher` VALUES (58, '211048191', '别荷', 'asd123456', '男', 'p63fdr@126.club', '13781009340', NULL, '2020-01-09 18:10:39', NULL);
INSERT INTO `teacher` VALUES (59, '211048192', '贺绣', 'asd123456', '男', '3tgwpyf8@gmail.net', '17654025448', NULL, '2020-01-09 18:10:39', NULL);
INSERT INTO `teacher` VALUES (60, '211048193', '丁览花', 'asd123456', '女', 'je7h9wv@163.net', '13257787301', NULL, '2020-01-09 18:10:39', NULL);
INSERT INTO `teacher` VALUES (61, '211048194', '史傑销', 'asd123456', '男', '6wipiwn@gmail.edu', '18126764063', NULL, '2020-01-09 18:10:39', NULL);
INSERT INTO `teacher` VALUES (62, '211048195', '慕禹', 'asd123456', '男', '6b4q@outlook.cn', '13126830311', NULL, '2020-01-09 18:10:39', NULL);
INSERT INTO `teacher` VALUES (63, '211048196', '冯字', 'asd123456', '男', 'ere5e@yeah.edu', '13055019312', NULL, '2020-01-09 18:10:39', NULL);
INSERT INTO `teacher` VALUES (64, '211048197', '扈致', 'asd123456', '女', 'qtq@sina.me', '17339271027', NULL, '2020-01-09 18:10:39', NULL);
INSERT INTO `teacher` VALUES (65, '211048198', '苍沓协', 'asd123456', '男', 'ltzr@yeah.club', '19372750521', NULL, '2020-01-09 18:10:39', NULL);
INSERT INTO `teacher` VALUES (66, '211048199', '井旎田', 'asd123456', '女', 'xl1@qq.club', '18719306320', NULL, '2020-01-09 18:10:39', NULL);
INSERT INTO `teacher` VALUES (67, '211048200', '岳维纹', 'asd123456', '女', '82xqc57@yeah.org', '13251102409', NULL, '2020-01-09 18:10:39', NULL);
INSERT INTO `teacher` VALUES (68, '211048201', '梅请沄', 'asd123456', '女', 'v91s@163.edu', '17790806130', NULL, '2020-01-09 18:10:39', NULL);
INSERT INTO `teacher` VALUES (69, '211048202', '年怡刷', 'asd123456', '女', 'feyf0p@yeah.uk', '15060484919', NULL, '2020-01-09 18:10:40', NULL);
INSERT INTO `teacher` VALUES (70, '211048203', '皇甫侃四', 'asd123456', '女', 'ylxrh@email.edu', '18761430875', NULL, '2020-01-09 18:10:40', NULL);
INSERT INTO `teacher` VALUES (71, '211048204', '厉璞熠', 'asd123456', '男', 'pjgclj9u@gmail.cn', '18410701005', NULL, '2020-01-09 18:10:40', NULL);
INSERT INTO `teacher` VALUES (72, '211048205', '殷恋芸', 'asd123456', '女', 'c3sm1jy@139.com', '18882655892', NULL, '2020-01-09 18:10:40', NULL);
INSERT INTO `teacher` VALUES (73, '211048206', '袁碑', 'asd123456', '男', '63ud0yfjw@yeah.net', '15269438711', NULL, '2020-01-09 18:10:40', NULL);
INSERT INTO `teacher` VALUES (74, '211048207', '冀媛玑', 'asd123456', '女', 'ljm60ydb@139.cn', '13677032753', NULL, '2020-01-09 18:10:40', NULL);
INSERT INTO `teacher` VALUES (75, '211048208', '寇可小', 'asd123456', '女', '6h6yfu@gmail.org', '18745884182', NULL, '2020-01-09 18:10:40', NULL);
INSERT INTO `teacher` VALUES (76, '211048209', '易纺', 'asd123456', '女', 'lataq1@sina.com', '13589896111', NULL, '2020-01-09 18:10:40', NULL);
INSERT INTO `teacher` VALUES (77, '211048210', '阙何', 'asd123456', '男', 'giqppn@126.uk', '13579197228', NULL, '2020-01-09 18:10:40', NULL);
INSERT INTO `teacher` VALUES (78, '211048211', '皮靳禳', 'asd123456', '女', 'z15h@hotmail.club', '15261279841', NULL, '2020-01-09 18:10:40', NULL);
INSERT INTO `teacher` VALUES (79, '211048212', '习万汕', 'asd123456', '女', '6cos6e@sina.com', '14775413472', NULL, '2020-01-09 18:10:40', NULL);
INSERT INTO `teacher` VALUES (80, '211048213', '董眉烨', 'asd123456', '男', 'fld2e6k@hotmail.uk', '18778690162', NULL, '2020-01-09 18:10:40', NULL);
INSERT INTO `teacher` VALUES (81, '211048214', '滕泄茵', 'asd123456', '女', 'o4rlpsst@qq.edu', '18438929123', NULL, '2020-01-09 18:10:40', NULL);
INSERT INTO `teacher` VALUES (82, '211048215', '林叶', 'asd123456', '女', 'zhow0v@qq.cn', '15936143414', NULL, '2020-01-09 18:10:40', NULL);
INSERT INTO `teacher` VALUES (83, '211048216', '郎游', 'asd123456', '男', 'cmla71@139.club', '15865993362', NULL, '2020-01-09 18:10:40', NULL);
INSERT INTO `teacher` VALUES (84, '211048217', '禄一茜', 'asd123456', '女', 'xu40u5l@hotmail.org', '15536539117', NULL, '2020-01-09 18:10:40', NULL);
INSERT INTO `teacher` VALUES (85, '211048218', '陈妃', 'asd123456', '女', 'jnskg6@qq.uk', '17640109111', NULL, '2020-01-09 18:10:40', NULL);
INSERT INTO `teacher` VALUES (86, '211048219', '洪惮逢', 'asd123456', '女', 'vlnh8tl@hotmail.com', '15535501759', NULL, '2020-01-09 18:10:40', NULL);
INSERT INTO `teacher` VALUES (87, '211048220', '幸惮', 'asd123456', '女', 'bcrm@163.org', '17275861790', NULL, '2020-01-09 18:10:40', NULL);
INSERT INTO `teacher` VALUES (88, '211048221', '欧阳乘', 'asd123456', '男', '7rbvjwa3@email.uk', '18727778651', NULL, '2020-01-09 18:10:40', NULL);
INSERT INTO `teacher` VALUES (89, '211048222', '任骘叽', 'asd123456', '女', 'wbbt@126.me', '14757400008', NULL, '2020-01-09 18:10:40', NULL);
INSERT INTO `teacher` VALUES (90, '211048223', '吉笫', 'asd123456', '女', 'sq32@email.club', '14778297687', NULL, '2020-01-09 18:10:40', NULL);
INSERT INTO `teacher` VALUES (91, '211048224', '廖玮', 'asd123456', '女', 'jp6st@126.uk', '17507453143', NULL, '2020-01-09 18:10:40', NULL);
INSERT INTO `teacher` VALUES (92, '211048225', '逯泌总', 'asd123456', '男', 'e5itn5x80f@sina.uk', '16676174860', NULL, '2020-01-09 18:10:40', NULL);
INSERT INTO `teacher` VALUES (93, '211048226', '余臻岩', 'asd123456', '女', '205we6@163.uk', '17669574052', NULL, '2020-01-09 18:10:40', NULL);
INSERT INTO `teacher` VALUES (94, '211048227', '瞿军侥', 'asd123456', '女', 'muv@hotmail.me', '18078612542', NULL, '2020-01-09 18:10:40', NULL);
INSERT INTO `teacher` VALUES (95, '211048228', '刁琛', 'asd123456', '女', '6qxk@139.edu', '15161556032', NULL, '2020-01-09 18:10:40', NULL);
INSERT INTO `teacher` VALUES (96, '211048229', '霍年纪', 'asd123456', '男', 'plutv@gmail.cn', '14727584619', NULL, '2020-01-09 18:10:40', NULL);
INSERT INTO `teacher` VALUES (97, '211048230', '蔚容锋', 'asd123456', '男', '1fop0h79@hotmail.com', '17558823171', NULL, '2020-01-09 18:10:40', NULL);
INSERT INTO `teacher` VALUES (98, '211048231', '郭润据', 'asd123456', '女', 'pedofr@126.edu', '18079406946', NULL, '2020-01-09 18:10:41', NULL);
INSERT INTO `teacher` VALUES (99, '211048232', '乔糍付', 'asd123456', '男', 'dqw61wc@outlook.uk', '15364641237', NULL, '2020-01-09 18:10:41', NULL);
INSERT INTO `teacher` VALUES (100, '211048233', '谷麟炳', 'asd123456', '男', 'xr4ibt4b@sina.net', '13224883549', NULL, '2020-01-09 18:10:41', NULL);
INSERT INTO `teacher` VALUES (101, '211048234', '施香薇', 'asd123456', '男', '9heb3@126.uk', '19337687320', NULL, '2020-01-09 18:10:41', NULL);
INSERT INTO `teacher` VALUES (102, '211048235', '莫蕊芷', 'asd123456', '女', 'jy8rshayk@sina.net', '19191289408', NULL, '2020-01-09 18:10:41', NULL);
INSERT INTO `teacher` VALUES (103, '211048236', '班俪纯', 'asd123456', '女', 'fraex9r@sina.uk', '18095137759', NULL, '2020-01-09 18:10:41', NULL);
INSERT INTO `teacher` VALUES (104, '211048237', '冉礼译', 'asd123456', '男', 'z1x8h5s9rm@163.net', '17820542191', NULL, '2020-01-09 18:10:41', NULL);
INSERT INTO `teacher` VALUES (105, '211048238', '年维', 'asd123456', '男', 'vzua@gmail.org', '18809568454', NULL, '2020-01-09 18:10:41', NULL);
INSERT INTO `teacher` VALUES (106, '211048239', '仲孙宿槐', 'asd123456', '女', 't3l84@hotmail.com', '13556882962', NULL, '2020-01-09 18:10:41', NULL);
INSERT INTO `teacher` VALUES (107, '211048240', '邱榆', 'asd123456', '女', 'xt2d@email.net', '13331015193', NULL, '2020-01-09 18:10:41', NULL);
INSERT INTO `teacher` VALUES (108, '211048241', '窦烜卿', 'asd123456', '女', '5vsuxt9@hotmail.edu', '13510256696', NULL, '2020-01-09 18:10:41', NULL);
INSERT INTO `teacher` VALUES (109, '211048242', '林坦', 'asd123456', '男', '2bjzpr3g@gmail.club', '15056627890', NULL, '2020-01-09 18:10:41', NULL);
INSERT INTO `teacher` VALUES (110, '211048243', '华癖彤', 'asd123456', '女', 'n6d@gmail.cn', '19890739800', NULL, '2020-01-09 18:10:41', NULL);
INSERT INTO `teacher` VALUES (111, '211048244', '申屠余', 'asd123456', '男', 'fgulm@139.club', '18225905851', NULL, '2020-01-09 18:10:41', NULL);
INSERT INTO `teacher` VALUES (112, '211048245', '喻莫母', 'asd123456', '女', 'u89u@163.net', '15751693101', NULL, '2020-01-09 18:10:41', NULL);
INSERT INTO `teacher` VALUES (113, '211048246', '南门清箐', 'asd123456', '男', 'y5n1p@gmail.net', '19397281259', NULL, '2020-01-09 18:10:41', NULL);
INSERT INTO `teacher` VALUES (114, '211048247', '桑典', 'asd123456', '女', 'y8tmylx@hotmail.uk', '19955062966', NULL, '2020-01-09 18:10:41', NULL);
INSERT INTO `teacher` VALUES (115, '211048248', '索儒', 'asd123456', '男', 'bkl1r0@hotmail.net', '13992315302', NULL, '2020-01-09 18:10:41', NULL);
INSERT INTO `teacher` VALUES (116, '211048249', '魏沣', 'asd123456', '男', 'mt1k6u@yeah.club', '15821043518', NULL, '2020-01-09 18:10:41', NULL);
INSERT INTO `teacher` VALUES (117, '211048250', '祝婕下', 'asd123456', '男', 'oumwnizv@163.org', '17593021123', NULL, '2020-01-09 18:10:41', NULL);
INSERT INTO `teacher` VALUES (118, '211048251', '哈凝', 'asd123456', '男', 'wz0k@139.org', '15837359772', NULL, '2020-01-09 18:10:41', NULL);
INSERT INTO `teacher` VALUES (119, '211048252', '缑东玉', 'asd123456', '女', 'j89g@139.me', '18448655341', NULL, '2020-01-09 18:10:41', NULL);
INSERT INTO `teacher` VALUES (120, '211048253', '楚鲁', 'asd123456', '男', 'o6rwv25@sina.club', '18406404460', NULL, '2020-01-09 18:10:41', NULL);
INSERT INTO `teacher` VALUES (121, '211048254', '巴珈嘉', 'asd123456', '女', 'x638c@email.club', '15694056545', NULL, '2020-01-09 18:10:41', NULL);
INSERT INTO `teacher` VALUES (122, '211048255', '靳加', 'asd123456', '女', 'tud4@139.uk', '18852379699', NULL, '2020-01-09 18:10:41', NULL);
INSERT INTO `teacher` VALUES (123, '211048256', '司寇红', 'asd123456', '女', '4bq3f@outlook.com', '15751650285', NULL, '2020-01-09 18:10:41', NULL);
INSERT INTO `teacher` VALUES (124, '211048257', '曹晴', 'asd123456', '男', 'ya4zw4af@email.net', '17665869008', NULL, '2020-01-09 18:10:41', NULL);
INSERT INTO `teacher` VALUES (125, '211048258', '滕微佩', 'asd123456', '男', 'pirc25f8@email.me', '19393585522', NULL, '2020-01-09 18:10:41', NULL);
INSERT INTO `teacher` VALUES (126, '211048259', '雍艳', 'asd123456', '男', 'jw1@gmail.uk', '18863726955', NULL, '2020-01-09 18:10:41', NULL);
INSERT INTO `teacher` VALUES (127, '211048260', '海衍满', 'asd123456', '男', 'ug0497gqu@outlook.edu', '18813083977', NULL, '2020-01-09 18:10:41', NULL);
INSERT INTO `teacher` VALUES (128, '211048261', '平画径', 'asd123456', '男', 'rgwp9@qq.cn', '15645475783', NULL, '2020-01-09 18:10:42', NULL);
INSERT INTO `teacher` VALUES (129, '211048262', '帅祖', 'asd123456', '男', 'wxott@email.me', '18981372907', NULL, '2020-01-09 18:10:42', NULL);
INSERT INTO `teacher` VALUES (130, '211048263', '夏侯藐', 'asd123456', '女', 'pngc1@163.edu', '18520287199', NULL, '2020-01-09 18:10:42', NULL);
INSERT INTO `teacher` VALUES (131, '211048264', '荣美', 'asd123456', '女', 'jxot@126.me', '15003822740', NULL, '2020-01-09 18:10:42', NULL);
INSERT INTO `teacher` VALUES (132, '211048265', '胥鑫禾', 'asd123456', '女', 'jdk2@yeah.net', '13802350852', NULL, '2020-01-09 18:10:42', NULL);
INSERT INTO `teacher` VALUES (133, '211048266', '牛坚', 'asd123456', '男', 'zff@qq.net', '18105314727', NULL, '2020-01-09 18:10:42', NULL);
INSERT INTO `teacher` VALUES (134, '211048267', '阎鴻', 'asd123456', '男', 'l306lic@139.cn', '13917212982', NULL, '2020-01-09 18:10:42', NULL);
INSERT INTO `teacher` VALUES (135, '211048268', '牛莎亭', 'asd123456', '女', '46n23@sina.cn', '19922122434', NULL, '2020-01-09 18:10:42', NULL);
INSERT INTO `teacher` VALUES (136, '211048269', '怀隰', 'asd123456', '女', 'pgv1@email.org', '18457028560', NULL, '2020-01-09 18:10:42', NULL);
INSERT INTO `teacher` VALUES (137, '211048270', '骆鐾湘', 'asd123456', '女', 'yslsgiw@yeah.com', '18214610782', NULL, '2020-01-09 18:10:42', NULL);
INSERT INTO `teacher` VALUES (138, '211048271', '郈轩谨', 'asd123456', '男', 's3wf@126.club', '18400799332', NULL, '2020-01-09 18:10:42', NULL);
INSERT INTO `teacher` VALUES (139, '211048272', '晁婉', 'asd123456', '男', 'ab8tfj406@yeah.net', '15946558686', NULL, '2020-01-09 18:10:42', NULL);
INSERT INTO `teacher` VALUES (140, '211048273', '邬墨昀', 'asd123456', '女', 'xkgz2r66@hotmail.com', '13848049478', NULL, '2020-01-09 18:10:42', NULL);
INSERT INTO `teacher` VALUES (141, '211048274', '暨珂彦', 'asd123456', '男', 'yu1e8l9km7@qq.club', '13887197490', NULL, '2020-01-09 18:10:42', NULL);
INSERT INTO `teacher` VALUES (142, '211048275', '李屯', 'asd123456', '男', 'b2dqwed@sina.uk', '13366317678', NULL, '2020-01-09 18:10:42', NULL);
INSERT INTO `teacher` VALUES (143, '211048276', '房蔚缃', 'asd123456', '男', 'vphla@126.edu', '13359749913', NULL, '2020-01-09 18:10:42', NULL);
INSERT INTO `teacher` VALUES (144, '211048277', '和宣', 'asd123456', '女', 'sewqer4of@126.com', '13818555494', NULL, '2020-01-09 18:10:42', NULL);
INSERT INTO `teacher` VALUES (145, '211048278', '丁喧', 'asd123456', '男', 'c1c81@qq.org', '15149528447', NULL, '2020-01-09 18:10:42', NULL);
INSERT INTO `teacher` VALUES (146, '211048279', '堵宪辩', 'asd123456', '男', 'szdzv@139.cn', '18120135939', NULL, '2020-01-09 18:10:42', NULL);
INSERT INTO `teacher` VALUES (147, '211048280', '秋向夏', 'asd123456', '女', 'eouqie@hotmail.org', '18934025243', NULL, '2020-01-09 18:10:42', NULL);
INSERT INTO `teacher` VALUES (148, '211048281', '秋然若', 'asd123456', '女', 's990f@126.club', '19907766155', NULL, '2020-01-09 18:10:42', NULL);
INSERT INTO `teacher` VALUES (149, '211048282', '褚僮觎', 'asd123456', '女', 'fs5bbb@sina.net', '18244434565', NULL, '2020-01-09 18:10:42', NULL);
INSERT INTO `teacher` VALUES (150, '211048283', '水悠', 'asd123456', '女', 'ttpp643a@outlook.uk', '17811023640', NULL, '2020-01-09 18:10:42', NULL);
INSERT INTO `teacher` VALUES (151, '211048284', '伏敏', 'asd123456', '女', 'lm29@email.me', '13508891627', NULL, '2020-01-09 18:10:42', NULL);
INSERT INTO `teacher` VALUES (152, '211048285', '秋沛', 'asd123456', '男', 'q6dattzd1y@126.cn', '13149825745', NULL, '2020-01-09 18:10:42', NULL);
INSERT INTO `teacher` VALUES (153, '211048286', '樊厅宝', 'asd123456', '女', '9fm7d@hotmail.edu', '15508689631', NULL, '2020-01-09 18:10:42', NULL);
INSERT INTO `teacher` VALUES (154, '211048287', '薛敬', 'asd123456', '男', 'cxg4253742@163.edu', '17593465775', NULL, '2020-01-09 18:10:42', NULL);
INSERT INTO `teacher` VALUES (155, '211048288', '勾取', 'asd123456', '男', 'hlax06@139.uk', '13234016093', NULL, '2020-01-09 18:10:42', NULL);
INSERT INTO `teacher` VALUES (156, '211048289', '海桧櫘', 'asd123456', '女', 'b3kjyt@139.org', '13060249601', NULL, '2020-01-09 18:10:42', NULL);
INSERT INTO `teacher` VALUES (157, '211048290', '澹台年', 'asd123456', '男', 'dhv3h24b8h@hotmail.club', '15644495786', NULL, '2020-01-09 18:10:42', NULL);
INSERT INTO `teacher` VALUES (158, '211048291', '红汕', 'asd123456', '女', 'md0zcftb@qq.club', '13286729669', NULL, '2020-01-09 18:10:42', NULL);
INSERT INTO `teacher` VALUES (159, '211048292', '桑烟', 'asd123456', '女', 'swg0v3dv@yeah.cn', '13865207716', NULL, '2020-01-09 18:10:43', NULL);
INSERT INTO `teacher` VALUES (160, '211048293', '寇姥幂', 'asd123456', '男', 'mt1v@qq.cn', '18895745028', NULL, '2020-01-09 18:10:43', NULL);
INSERT INTO `teacher` VALUES (161, '211048294', '冀抹铎', 'asd123456', '女', 'ya453@163.edu', '18721495088', NULL, '2020-01-09 18:10:43', NULL);
INSERT INTO `teacher` VALUES (162, '211048295', '房情', 'asd123456', '女', '51a90@email.org', '15345869241', NULL, '2020-01-09 18:10:43', NULL);
INSERT INTO `teacher` VALUES (163, '211048296', '危琢拈', 'asd123456', '男', 'f08gj@qq.net', '19882375345', NULL, '2020-01-09 18:10:43', NULL);
INSERT INTO `teacher` VALUES (164, '211048297', '许然璐', 'asd123456', '男', 'tb0bpt@email.club', '17733562769', NULL, '2020-01-09 18:10:43', NULL);
INSERT INTO `teacher` VALUES (165, '211048298', '酆陶洽', 'asd123456', '男', 'etqd@gmail.me', '13524681604', NULL, '2020-01-09 18:10:43', NULL);
INSERT INTO `teacher` VALUES (166, '211048299', '罗妘瑜', 'asd123456', '女', 't83hdjyp@139.com', '15011702419', NULL, '2020-01-09 18:10:43', NULL);
INSERT INTO `teacher` VALUES (167, '211048300', '申含', 'asd123456', '男', 'dkm43@hotmail.me', '19360625226', NULL, '2020-01-09 18:10:43', NULL);
INSERT INTO `teacher` VALUES (168, '211048301', '段干蕴', 'asd123456', '男', 'zb092y@email.net', '15819361744', NULL, '2020-01-09 18:10:43', NULL);
INSERT INTO `teacher` VALUES (169, '211048302', '辛晨', 'asd123456', '男', 'ezke@163.uk', '19956703293', NULL, '2020-01-09 18:10:43', NULL);
INSERT INTO `teacher` VALUES (170, '211048303', '第五淇珈', 'asd123456', '女', 'izjj@163.net', '18450330840', NULL, '2020-01-09 18:10:43', NULL);
INSERT INTO `teacher` VALUES (171, '211048304', '饶章毛', 'asd123456', '女', 'yxqvh@outlook.com', '18728887251', NULL, '2020-01-09 18:10:43', NULL);
INSERT INTO `teacher` VALUES (172, '211048305', '冉玺', 'asd123456', '女', 'kqgba5@outlook.me', '15053260926', NULL, '2020-01-09 18:10:43', NULL);
INSERT INTO `teacher` VALUES (173, '211048306', '廉禳向', 'asd123456', '女', 'i5w@163.net', '19904587689', NULL, '2020-01-09 18:10:43', NULL);
INSERT INTO `teacher` VALUES (174, '211048307', '厉臆栎', 'asd123456', '女', '63pp76@126.com', '19365617653', NULL, '2020-01-09 18:10:43', NULL);
INSERT INTO `teacher` VALUES (175, '211048308', '廖拙', 'asd123456', '女', 's7ru6szi@139.club', '15212203354', NULL, '2020-01-09 18:10:43', NULL);
INSERT INTO `teacher` VALUES (176, '211048309', '令狐夕们', 'asd123456', '女', '7t82w5j5p@126.org', '17596330166', NULL, '2020-01-09 18:10:43', NULL);
INSERT INTO `teacher` VALUES (177, '211048310', '娄销', 'asd123456', '男', '6pi@outlook.me', '18899391080', NULL, '2020-01-09 18:10:43', NULL);
INSERT INTO `teacher` VALUES (178, '211048311', '韦与罐', 'asd123456', '女', 'e5qlkwa@163.club', '13165911676', NULL, '2020-01-09 18:10:43', NULL);
INSERT INTO `teacher` VALUES (179, '211048312', '印远', 'asd123456', '女', 'vxjacv8eo@outlook.net', '13365584134', NULL, '2020-01-09 18:10:43', NULL);
INSERT INTO `teacher` VALUES (180, '211048313', '麻靖', 'asd123456', '男', 'h9d4d@outlook.com', '17809361100', NULL, '2020-01-09 18:10:43', NULL);
INSERT INTO `teacher` VALUES (181, '211048314', '束请沄', 'asd123456', '女', 'gii@139.com', '15178063455', NULL, '2020-01-09 18:10:43', NULL);
INSERT INTO `teacher` VALUES (182, '211048315', '微生俐臆', 'asd123456', '女', '8af01y@gmail.uk', '17835573362', NULL, '2020-01-09 18:10:43', NULL);
INSERT INTO `teacher` VALUES (183, '211048316', '昌源静', 'asd123456', '男', '5zue@yeah.club', '18186780521', NULL, '2020-01-09 18:10:43', NULL);
INSERT INTO `teacher` VALUES (184, '211048317', '於俊沅', 'asd123456', '女', 'il6shqi@yeah.cn', '15351536552', NULL, '2020-01-09 18:10:43', NULL);
INSERT INTO `teacher` VALUES (185, '211048318', '白炬圻', 'asd123456', '男', 'yxjif@outlook.edu', '17671908265', NULL, '2020-01-09 18:10:43', NULL);
INSERT INTO `teacher` VALUES (186, '211048319', '夔天', 'asd123456', '女', '5msxop@qq.uk', '18872655575', NULL, '2020-01-09 18:10:43', NULL);
INSERT INTO `teacher` VALUES (187, '211048320', '符涔', 'asd123456', '女', 'mf6x8f1z@126.uk', '17737717325', NULL, '2020-01-09 18:10:43', NULL);
INSERT INTO `teacher` VALUES (188, '211048321', '邬东辉', 'asd123456', '男', 'g6bim@126.uk', '17676166730', NULL, '2020-01-09 18:10:43', NULL);
INSERT INTO `teacher` VALUES (189, '211048322', '司寇倡琸', 'asd123456', '男', 'uxbnu@yeah.cn', '15609808049', NULL, '2020-01-09 18:10:43', NULL);
INSERT INTO `teacher` VALUES (190, '211048323', '史喜', 'asd123456', '女', '98ot@email.cn', '15269982123', NULL, '2020-01-09 18:10:44', NULL);
INSERT INTO `teacher` VALUES (191, '211048324', '隗庞巨', 'asd123456', '男', 'tti1rb@sina.me', '15825093478', NULL, '2020-01-09 18:10:44', NULL);
INSERT INTO `teacher` VALUES (192, '211048325', '晋旦虞', 'asd123456', '女', 'gd1@163.org', '13110022169', NULL, '2020-01-09 18:10:44', NULL);
INSERT INTO `teacher` VALUES (193, '211048326', '逄苹', 'asd123456', '女', 'qxq5n@126.edu', '15175253475', NULL, '2020-01-09 18:10:44', NULL);
INSERT INTO `teacher` VALUES (194, '211048327', '巫城甫', 'asd123456', '男', 'nps13u06k@qq.uk', '18991014369', NULL, '2020-01-09 18:10:44', NULL);
INSERT INTO `teacher` VALUES (195, '211048328', '景好', 'asd123456', '男', 'l6s@qq.club', '18013859630', NULL, '2020-01-09 18:10:44', NULL);
INSERT INTO `teacher` VALUES (196, '211048329', '宁墉甑', 'asd123456', '女', 'cuf@hotmail.cn', '15554505507', NULL, '2020-01-09 18:10:44', NULL);
INSERT INTO `teacher` VALUES (197, '211048330', '符问', 'asd123456', '男', 'fra@163.me', '18987905585', NULL, '2020-01-09 18:10:44', NULL);
INSERT INTO `teacher` VALUES (198, '211048331', '上官骄悦', 'asd123456', '女', 'xi31m@outlook.org', '18550183232', NULL, '2020-01-09 18:10:44', NULL);
INSERT INTO `teacher` VALUES (199, '211048332', '浦胤', 'asd123456', '男', 'tmgp@163.me', '19313250523', NULL, '2020-01-09 18:10:44', NULL);
INSERT INTO `teacher` VALUES (200, '211048333', '富荧', 'asd123456', '男', 'iajtml@qq.org', '15612918427', NULL, '2020-01-09 18:10:44', NULL);
INSERT INTO `teacher` VALUES (201, '211048334', '南门傲旦', 'asd123456', '女', 'uld4kczww@email.edu', '13303016781', NULL, '2020-01-09 18:10:44', NULL);
INSERT INTO `teacher` VALUES (202, '211048335', '乜义', 'asd123456', '男', 'sk27xrqn6n@email.org', '15558929105', NULL, '2020-01-09 18:10:44', NULL);
INSERT INTO `teacher` VALUES (203, '211048336', '温齐', 'asd123456', '男', 'da5q5d@hotmail.uk', '13843066046', NULL, '2020-01-09 18:10:44', NULL);
INSERT INTO `teacher` VALUES (204, '211048337', '巢未', 'asd123456', '男', 'iqvu@hotmail.uk', '18131140818', NULL, '2020-01-09 18:10:44', NULL);
INSERT INTO `teacher` VALUES (205, '211048338', '吕韦', 'asd123456', '男', '5xvrc@126.club', '18906401525', NULL, '2020-01-09 18:10:44', NULL);
INSERT INTO `teacher` VALUES (206, '211048339', '唐尚', 'asd123456', '女', 'wqkirm3i@hotmail.net', '18662316314', NULL, '2020-01-09 18:10:44', NULL);
INSERT INTO `teacher` VALUES (207, '211048340', '马妮', 'asd123456', '男', 'sx03l@email.edu', '13633127527', NULL, '2020-01-09 18:10:44', NULL);
INSERT INTO `teacher` VALUES (208, '211048341', '杜天致', 'asd123456', '女', 'uk25dx8@outlook.org', '19894138431', NULL, '2020-01-09 18:10:44', NULL);
INSERT INTO `teacher` VALUES (209, '211048342', '濮阳查照', 'asd123456', '男', 'b1leor@qq.cn', '18418813987', NULL, '2020-01-09 18:10:44', NULL);
INSERT INTO `teacher` VALUES (210, '211048343', '有昶丙', 'asd123456', '男', 'l1t12aq@gmail.org', '13889530288', NULL, '2020-01-09 18:10:44', NULL);
INSERT INTO `teacher` VALUES (211, '211048344', '卞泶铬', 'asd123456', '女', '2a8s17r@126.com', '15529037381', NULL, '2020-01-09 18:10:44', NULL);
INSERT INTO `teacher` VALUES (212, '211048345', '丰莲', 'asd123456', '女', 'l4flzbysn@qq.com', '13365871710', NULL, '2020-01-09 18:10:44', NULL);
INSERT INTO `teacher` VALUES (213, '211048346', '聂丰标', 'asd123456', '男', 'sl4@126.com', '17345054334', NULL, '2020-01-09 18:10:44', NULL);
INSERT INTO `teacher` VALUES (214, '211048347', '乐正崔', 'asd123456', '女', 'osjq@email.org', '13280970092', NULL, '2020-01-09 18:10:44', NULL);
INSERT INTO `teacher` VALUES (215, '211048348', '邬亮', 'asd123456', '女', 'd3vafb4@gmail.org', '18481241490', NULL, '2020-01-09 18:10:44', NULL);
INSERT INTO `teacher` VALUES (216, '211048349', '松淇', 'asd123456', '女', 't8a7q@sina.cn', '13261950447', NULL, '2020-01-09 18:10:44', NULL);
INSERT INTO `teacher` VALUES (217, '211048350', '许朔', 'asd123456', '男', 'qvblfvaxx@gmail.edu', '15759886482', NULL, '2020-01-09 18:10:44', NULL);
INSERT INTO `teacher` VALUES (218, '211048351', '皇甫煊圆', 'asd123456', '女', 'sc29sb@sina.club', '16624468421', NULL, '2020-01-09 18:10:44', NULL);
INSERT INTO `teacher` VALUES (219, '211048352', '宗政含', 'asd123456', '女', 'q3m@outlook.club', '13550824419', NULL, '2020-01-09 18:10:44', NULL);
INSERT INTO `teacher` VALUES (220, '211048353', '郑声渝', 'asd123456', '女', 'ho9i83te@qq.uk', '17556918623', NULL, '2020-01-09 18:10:45', NULL);
INSERT INTO `teacher` VALUES (221, '211048354', '贡烯后', 'asd123456', '男', 'oixp77@qq.me', '14748345761', NULL, '2020-01-09 18:10:45', NULL);
INSERT INTO `teacher` VALUES (222, '211048355', '戈卿帅', 'asd123456', '男', 'ggh5tav@sina.uk', '18232843474', NULL, '2020-01-09 18:10:45', NULL);
INSERT INTO `teacher` VALUES (223, '211048356', '逄銮', 'asd123456', '男', 'mfsuswwws@163.me', '18393437621', NULL, '2020-01-09 18:10:45', NULL);
INSERT INTO `teacher` VALUES (224, '211048357', '曾陌兮', 'asd123456', '男', 'cc0wth@qq.net', '13351537748', NULL, '2020-01-09 18:10:45', NULL);
INSERT INTO `teacher` VALUES (225, '211048358', '夹谷越丹', 'asd123456', '男', 'msdcu@163.uk', '15356352813', NULL, '2020-01-09 18:10:45', NULL);
INSERT INTO `teacher` VALUES (226, '211048359', '文利', 'asd123456', '女', 'p5put@email.edu', '18546263931', NULL, '2020-01-09 18:10:45', NULL);
INSERT INTO `teacher` VALUES (227, '211048360', '戈远', 'asd123456', '女', 'cgnrcl21@126.cn', '13651257201', NULL, '2020-01-09 18:10:45', NULL);
INSERT INTO `teacher` VALUES (228, '211048361', '水歆儿', 'asd123456', '男', 'x1el1qur8@email.club', '15717757633', NULL, '2020-01-09 18:10:45', NULL);
INSERT INTO `teacher` VALUES (229, '211048362', '殷侦不', 'asd123456', '男', 'gzd80y6@gmail.club', '19927072112', NULL, '2020-01-09 18:10:45', NULL);
INSERT INTO `teacher` VALUES (230, '211048363', '苏宏畅', 'asd123456', '男', 'dkmkd6s2@hotmail.uk', '15914535680', NULL, '2020-01-09 18:10:45', NULL);
INSERT INTO `teacher` VALUES (231, '211048364', '鄂皖麓', 'asd123456', '男', 'flo251h@outlook.uk', '13855528178', NULL, '2020-01-09 18:10:45', NULL);
INSERT INTO `teacher` VALUES (232, '211048365', '逯璩', 'asd123456', '男', 'b3ctlawix@email.cn', '19887542462', NULL, '2020-01-09 18:10:45', NULL);
INSERT INTO `teacher` VALUES (233, '211048366', '鄢进', 'asd123456', '男', 'k1dpubzb@yeah.uk', '17332191261', NULL, '2020-01-09 18:10:45', NULL);
INSERT INTO `teacher` VALUES (234, '211048367', '司空泽晨', 'asd123456', '男', 'miqdmw9g@yeah.edu', '13772896980', NULL, '2020-01-09 18:10:45', NULL);
INSERT INTO `teacher` VALUES (235, '211048368', '谷锐宋', 'asd123456', '女', 'nmd30a7@qq.club', '17887835634', NULL, '2020-01-09 18:10:45', NULL);
INSERT INTO `teacher` VALUES (236, '211048369', '红淏', 'asd123456', '男', 'q0zq060@email.cn', '17288997532', NULL, '2020-01-09 18:10:45', NULL);
INSERT INTO `teacher` VALUES (237, '211048370', '籍炫', 'asd123456', '女', '54o5h@gmail.uk', '19930307989', NULL, '2020-01-09 18:10:45', NULL);
INSERT INTO `teacher` VALUES (238, '211048371', '蒙浱泷', 'asd123456', '男', 'zln8l@outlook.edu', '18819915528', NULL, '2020-01-09 18:10:45', NULL);
INSERT INTO `teacher` VALUES (239, '211048372', '樊楦', 'asd123456', '男', '8kxry7@126.edu', '17891923480', NULL, '2020-01-09 18:10:45', NULL);
INSERT INTO `teacher` VALUES (240, '211048373', '广非矫', 'asd123456', '女', 'g28pr@gmail.club', '13378584034', NULL, '2020-01-09 18:10:45', NULL);
INSERT INTO `teacher` VALUES (241, '211048374', '关基', 'asd123456', '男', 'tthqvz@gmail.org', '13507340427', NULL, '2020-01-09 18:10:45', NULL);
INSERT INTO `teacher` VALUES (242, '211048375', '璩波嶷', 'asd123456', '女', 'jppb9f@hotmail.me', '13985383968', NULL, '2020-01-09 18:10:45', NULL);
INSERT INTO `teacher` VALUES (243, '211048376', '赫连字珞', 'asd123456', '男', 'er6w4@yeah.me', '18149976083', NULL, '2020-01-09 18:10:45', NULL);
INSERT INTO `teacher` VALUES (244, '211048377', '游闰碌', 'asd123456', '女', 'zoi5sa@qq.net', '13245505048', NULL, '2020-01-09 18:10:45', NULL);
INSERT INTO `teacher` VALUES (245, '211048378', '童莹', 'asd123456', '男', 'deaaa4u@yeah.uk', '18461549969', NULL, '2020-01-09 18:10:45', NULL);
INSERT INTO `teacher` VALUES (246, '211048379', '祖祤', 'asd123456', '男', '48ih3@gmail.edu', '19854087310', NULL, '2020-01-09 18:10:45', NULL);
INSERT INTO `teacher` VALUES (247, '211048380', '公羊默及', 'asd123456', '男', 'cn2qjf@outlook.uk', '15074948629', NULL, '2020-01-09 18:10:45', NULL);
INSERT INTO `teacher` VALUES (248, '211048381', '仇骁', 'asd123456', '女', '7brtcu@outlook.net', '13199677306', NULL, '2020-01-09 18:10:45', NULL);
INSERT INTO `teacher` VALUES (249, '211048382', '耿绮', 'asd123456', '男', 'eoflqt@outlook.com', '15939994863', NULL, '2020-01-09 18:10:45', NULL);
INSERT INTO `teacher` VALUES (250, '211048383', '匡呗', 'asd123456', '女', 'n567d6@163.com', '18869588619', NULL, '2020-01-09 18:10:45', NULL);
INSERT INTO `teacher` VALUES (251, '211048384', '平丞', 'asd123456', '男', 'wyzjte@139.uk', '18823178179', NULL, '2020-01-09 18:10:45', NULL);
INSERT INTO `teacher` VALUES (252, '211048385', '逄巍', 'asd123456', '男', '4m0ub@gmail.com', '13684089162', NULL, '2020-01-09 18:10:46', NULL);
INSERT INTO `teacher` VALUES (253, '211048386', '杨珀', 'asd123456', '女', 'imne@outlook.me', '13938744169', NULL, '2020-01-09 18:10:46', NULL);
INSERT INTO `teacher` VALUES (254, '211048387', '楚曼进', 'asd123456', '女', '2ptgpo@163.com', '18316576192', NULL, '2020-01-09 18:10:46', NULL);
INSERT INTO `teacher` VALUES (255, '211048388', '严豆', 'asd123456', '女', 'atpri7@139.cn', '19182155355', NULL, '2020-01-09 18:10:46', NULL);
INSERT INTO `teacher` VALUES (256, '211048389', '鱼迎', 'asd123456', '女', '6tyfu@outlook.cn', '19962235766', NULL, '2020-01-09 18:10:46', NULL);
INSERT INTO `teacher` VALUES (257, '211048390', '仉厚', 'asd123456', '男', 'm13xr@qq.edu', '13912866140', NULL, '2020-01-09 18:10:46', NULL);
INSERT INTO `teacher` VALUES (258, '211048391', '赫连郢', 'asd123456', '男', 'v5xr8@139.me', '19150072983', NULL, '2020-01-09 18:10:46', NULL);
INSERT INTO `teacher` VALUES (259, '211048392', '童武汉', 'asd123456', '男', 'c0da7kfgdi@yeah.me', '15304212804', NULL, '2020-01-09 18:10:46', NULL);
INSERT INTO `teacher` VALUES (260, '211048393', '子车希', 'asd123456', '女', '2rn11mw4@qq.uk', '18202065871', NULL, '2020-01-09 18:10:46', NULL);
INSERT INTO `teacher` VALUES (261, '211048394', '柴篮', 'asd123456', '女', '270nnh@126.org', '15154448874', NULL, '2020-01-09 18:10:46', NULL);
INSERT INTO `teacher` VALUES (262, '211048395', '阳引筑', 'asd123456', '女', '2e7e453q@126.org', '15896386095', NULL, '2020-01-09 18:10:46', NULL);
INSERT INTO `teacher` VALUES (263, '211048396', '卜滟', 'asd123456', '女', 'jd6@sina.edu', '13965850143', NULL, '2020-01-09 18:10:46', NULL);
INSERT INTO `teacher` VALUES (264, '211048397', '宣银', 'asd123456', '男', 'h0nl45pf4@163.club', '18483901649', NULL, '2020-01-09 18:10:46', NULL);
INSERT INTO `teacher` VALUES (265, '211048398', '督函', 'asd123456', '男', '9uwb1a2@sina.club', '17311263016', NULL, '2020-01-09 18:10:46', NULL);
INSERT INTO `teacher` VALUES (266, '211048399', '童沅洛', 'asd123456', '女', 'xy07iz5@gmail.uk', '15342075244', NULL, '2020-01-09 18:10:46', NULL);
INSERT INTO `teacher` VALUES (267, '211048400', '强闻', 'asd123456', '女', 'qtiwjnk@outlook.cn', '13587487148', NULL, '2020-01-09 18:10:46', NULL);
INSERT INTO `teacher` VALUES (268, '211048401', '巩衍满', 'asd123456', '男', 'otzj7hc@sina.org', '15729425216', NULL, '2020-01-09 18:10:46', NULL);
INSERT INTO `teacher` VALUES (269, '211048402', '巫安英', 'asd123456', '女', '0lespsl@gmail.club', '17666294715', NULL, '2020-01-09 18:10:46', NULL);
INSERT INTO `teacher` VALUES (270, '211048403', '单于情', 'asd123456', '女', 'h2zkb@qq.net', '18024108284', NULL, '2020-01-09 18:10:46', NULL);
INSERT INTO `teacher` VALUES (271, '211048404', '楚茧', 'asd123456', '男', 'cqde6o@126.uk', '17802574194', NULL, '2020-01-09 18:10:46', NULL);
INSERT INTO `teacher` VALUES (272, '211048405', '林匠眼', 'asd123456', '男', '8nra@139.me', '13338590527', NULL, '2020-01-09 18:10:46', NULL);
INSERT INTO `teacher` VALUES (273, '211048406', '孔踊', 'asd123456', '男', '9p9b@126.org', '13272900803', NULL, '2020-01-09 18:10:46', NULL);
INSERT INTO `teacher` VALUES (274, '211048407', '鄢泉', 'asd123456', '女', 'vo64@qq.net', '18171130311', NULL, '2020-01-09 18:10:46', NULL);
INSERT INTO `teacher` VALUES (275, '211048408', '柯舞', 'asd123456', '女', '8fnk03g@email.cn', '13052758451', NULL, '2020-01-09 18:10:46', NULL);
INSERT INTO `teacher` VALUES (276, '211048409', '伯癖', 'asd123456', '女', 'pb5sfuum@126.com', '15611141908', NULL, '2020-01-09 18:10:46', NULL);
INSERT INTO `teacher` VALUES (277, '211048410', '羿琴贝', 'asd123456', '女', 'q529@sina.me', '15983994757', NULL, '2020-01-09 18:10:46', NULL);
INSERT INTO `teacher` VALUES (278, '211048411', '童河', 'asd123456', '女', '4oy6i@gmail.edu', '17272905485', NULL, '2020-01-09 18:10:46', NULL);
INSERT INTO `teacher` VALUES (279, '211048412', '西门甜', 'asd123456', '女', 'n8no@sina.cn', '19191417799', NULL, '2020-01-09 18:10:46', NULL);
INSERT INTO `teacher` VALUES (280, '211048413', '权俊', 'asd123456', '女', '8dg0@126.com', '15397300576', NULL, '2020-01-09 18:10:46', NULL);
INSERT INTO `teacher` VALUES (281, '211048414', '刘菊', 'asd123456', '女', 'wcs4iu8m@163.net', '13728382454', NULL, '2020-01-09 18:10:46', NULL);
INSERT INTO `teacher` VALUES (282, '211048415', '闵绣', 'asd123456', '女', 'gp501lr1@126.edu', '15306354217', NULL, '2020-01-09 18:10:46', NULL);
INSERT INTO `teacher` VALUES (283, '211048416', '储裴', 'asd123456', '女', '4ooddr@hotmail.uk', '13785660288', NULL, '2020-01-09 18:10:46', NULL);
INSERT INTO `teacher` VALUES (284, '211048417', '堵轩谨', 'asd123456', '男', '2bpefbdra@hotmail.uk', '13044180883', NULL, '2020-01-09 18:10:47', NULL);
INSERT INTO `teacher` VALUES (285, '211048418', '鄂铁', 'asd123456', '男', '9amck@163.uk', '15369558872', NULL, '2020-01-09 18:10:47', NULL);
INSERT INTO `teacher` VALUES (286, '211048419', '咸淳献', 'asd123456', '男', 'arnug891i@gmail.me', '15506335754', NULL, '2020-01-09 18:10:47', NULL);
INSERT INTO `teacher` VALUES (287, '211048420', '昝扩', 'asd123456', '女', 'zpq@email.cn', '13073962982', NULL, '2020-01-09 18:10:47', NULL);
INSERT INTO `teacher` VALUES (288, '211048421', '方爱淞', 'asd123456', '男', 'p41y@email.edu', '15879007659', NULL, '2020-01-09 18:10:47', NULL);
INSERT INTO `teacher` VALUES (289, '211048422', '毛璟璋', 'asd123456', '女', 'vgm@163.cn', '17735541184', NULL, '2020-01-09 18:10:47', NULL);
INSERT INTO `teacher` VALUES (290, '211048423', '欧羽卓', 'asd123456', '男', '66pddxqtz@hotmail.com', '13325613394', NULL, '2020-01-09 18:10:47', NULL);
INSERT INTO `teacher` VALUES (291, '211048424', '仇搏育', 'asd123456', '男', 'gvk22n@gmail.uk', '17272428953', NULL, '2020-01-09 18:10:47', NULL);
INSERT INTO `teacher` VALUES (292, '211048425', '毛洋坤', 'asd123456', '女', 'a6fw9@126.me', '13295459813', NULL, '2020-01-09 18:10:47', NULL);
INSERT INTO `teacher` VALUES (293, '211048426', '蒋初凯', 'asd123456', '女', 'r4hgszhk@outlook.club', '18705871437', NULL, '2020-01-09 18:10:47', NULL);
INSERT INTO `teacher` VALUES (294, '211048427', '百里茱舫', 'asd123456', '女', '0hufa0c@163.net', '15210397206', NULL, '2020-01-09 18:10:47', NULL);
INSERT INTO `teacher` VALUES (295, '211048428', '终衫', 'asd123456', '女', 'vqr8ju@email.com', '13385068083', NULL, '2020-01-09 18:10:47', NULL);
INSERT INTO `teacher` VALUES (296, '211048429', '梁妤', 'asd123456', '男', 'vflb@hotmail.com', '17772543601', NULL, '2020-01-09 18:10:47', NULL);
INSERT INTO `teacher` VALUES (297, '211048430', '梅筠毅', 'asd123456', '女', 'rx9@qq.club', '17600374917', NULL, '2020-01-09 18:10:47', NULL);
INSERT INTO `teacher` VALUES (298, '211048431', '席镜', 'asd123456', '女', 'ptv1u@126.edu', '15851174024', NULL, '2020-01-09 18:10:47', NULL);
INSERT INTO `teacher` VALUES (299, '211048432', '拓跋后仙', 'asd123456', '男', 'o983d10l@hotmail.me', '19324655091', NULL, '2020-01-09 18:10:47', NULL);
INSERT INTO `teacher` VALUES (300, '211048433', '蒙初慈', 'asd123456', '男', 'pzrdpyz@163.me', '13190293437', NULL, '2020-01-09 18:10:47', NULL);
INSERT INTO `teacher` VALUES (301, '211048434', '蒙岚宜', 'asd123456', '女', '184d5ef@gmail.club', '19389553408', NULL, '2020-01-09 18:10:47', NULL);

SET FOREIGN_KEY_CHECKS = 1;
